date,tweets,image
2020-11-01 07:23:01,b'RT @lilacjay2: Please sign this petition &amp; retweet. Lolita has spent 50 years in a tiny tank (illegally too small but nobody in power seems\xe2\x80\xa6',none

2020-11-01 07:21:47,b'RT @SSL4M3R: @SkyshockGG @UbisoftLatam Esooo My sky lolita https://t.co/OuKmAkBk2f',http://pbs.twimg.com/media/EluIGUTUYAAi9Sx.jpg

2020-11-01 07:20:05,b'@SkyshockGG @UbisoftLatam Esooo My sky lolita https://t.co/OuKmAkBk2f',http://pbs.twimg.com/media/EluIGUTUYAAi9Sx.jpg

2020-11-01 07:19:22,"b""@StPatrick33 @Mediaite Closed caption - \n\nTrump:  Hey Jeffrey, any truth to the rumor that you fly Hillary's husban\xe2\x80\xa6 https://t.co/wpko7i2EtG""",none

2020-11-01 07:18:09,"b'@6XdivergentX4 @moonlightslove_ @NoSoulArtist @lolita_bih @BijuuMike Is just not right, however you see it. Mike is\xe2\x80\xa6 https://t.co/D64WKBeREI'",none

2020-11-01 07:16:50,"b'@6XdivergentX4 @moonlightslove_ @NoSoulArtist @lolita_bih @BijuuMike I understand but, if you are uncomfortable wit\xe2\x80\xa6 https://t.co/u4uZKBJmTp'",none

2020-11-01 07:14:16,b'@NoSoulArtist @lolita_bih @BijuuMike People could have things similar that happen to the characters  and when someo\xe2\x80\xa6 https://t.co/mSjpxrIJWy',none

2020-11-01 07:13:29,b'@worldsback1 @AlenaOstberg @Maddiewasmatty @Here_Diversity @TsBaeX2 @Jessyisback2 @Ts_Lolita @Shemalesbr\xe2\x80\xa6 https://t.co/J99JIWjvxh',none

2020-11-01 07:12:30,"b'Am I right in this? Is a better word for absurdity, simply, IRONY? This came up with a friend. Kubrick made such di\xe2\x80\xa6 https://t.co/8dFDaWEanT'",none

2020-11-01 07:11:11,b'Circle\xc2\xa02\n\n@Pixel_Simp\n@saburista\n@silke_lolita\n@kaedekatsuki\n@papog_\n@tllynoterrence\n@satorisimp777\n@vmialux\xe2\x80\xa6 https://t.co/MILEqZtOBj',none

2020-11-01 07:09:33,"b'RT @WhatsOnStage: Almeida Theatre to reopen for new socially distanced season beginning in December, with three sho\xe2\x80\xa6 https://t.co/hMHjIfUJJZ'",none

2020-11-01 07:07:43,b'RT @stoner_luka: funfact i love lolita fashion',none

2020-11-01 07:07:05,b'RT @Hessian_Mohd: Lol... Leftists support these idiot extremists...who pollute the earth to boycott ze French',none

2020-11-01 07:03:45,b'@Awesome82286686 @silb222 @ShiriAllwoodXXX @z2050z @NoodiTrki @54LEB @Cuckold9738 @hifashemale @nohintainolife\xe2\x80\xa6 https://t.co/27q7W1d4VQ',none

2020-11-01 07:03:33,b'RT @MrMrsLeeMinHo1: @carlos_rhodora @GraceSa10499866 @nicoletteannmc @2019Zombie @MCambsl @pinkyfaye @FTangco @Lam2127 @MayYnfante @twinfla\xe2\x80\xa6',none

2020-11-01 07:03:22,"b""I'M NOT A PART OF SOME REDNECK LOLITA https://t.co/sFSPTe1snG""",none

2020-11-01 07:03:14,"b'I assure you lolita isn\'t ""become a pedophile!"" propaganda.\n\nIt\'s about how the mind of an obsessed pedophile works\xe2\x80\xa6 https://t.co/qOoK7VzRx6'",none

2020-11-01 07:03:10,b'@Simply_Tsunami Are gotha lolita sleves still available',none

2020-11-01 07:00:50,b'@a_iyrie Are gotha lolita sleves still available',none

2020-11-01 06:59:55,b'@ladygaga Another Lolita express flyer backs another Lolita express flyer how convenient',none

2020-11-01 06:59:52,b'@Daisyy29385528 Are gotha lolita sleves available',none

2020-11-01 06:56:59,b'@worldsback1 @AlenaOstberg @Maddiewasmatty @Here_Diversity @TsBaeX2 @Jessyisback2 @Ts_Lolita @Shemalesbr\xe2\x80\xa6 https://t.co/Lo8ywSJEVl',none

2020-11-01 06:55:54,b'@xitzinaya Are gotha lolita sleves available?',none

2020-11-01 06:54:56,b'@ChesseOmu Are gotha lolita sleves still available',none

2020-11-01 06:54:03,b'@Corpsearethebe1 @a_iyrie Are gotha lolita sleves still available',none

2020-11-01 06:52:40,"b'@niamhlovesbooks @GarrisonTowns @MarrowboneBooks Brilliant! that is a naughty cover, but if I associate Solero with\xe2\x80\xa6 https://t.co/PghvV66P7F'",none

2020-11-01 06:52:16,b'@dbian25 @Daisyy29385528 Are the gotha lolita sleves still available?',none

2020-11-01 06:48:18,b'@icarusbanks this is such a lolita thing to do',none

2020-11-01 06:47:58,b'@IloveShemale44 @TsDream4 @TsMarianaCastro @NicollyLopesTS @Maddiewasmatty @AlenaOstberg @Alicia_Smith993\xe2\x80\xa6 https://t.co/APfVXQ7xBy',none

2020-11-01 06:43:13,"b'@SKIN0FMYTEETH ~ him some time after this. For now she would have to make nice with the mortals. So to speak.\n\n""Spe\xe2\x80\xa6 https://t.co/yE6D3R5FOo'",none

2020-11-01 06:43:11,b'RT @quenblackwell: mercury HAS to be in regurgitate',none

2020-11-01 06:37:31,b'\xe2\x9c\xa8 Top Friends\n\n\xf0\x9f\xa5\x87 @ariz_707\n\xf0\x9f\xa5\x88 @scorpioweeb\n\xf0\x9f\xa5\x89 @rashomxn\n\xf0\x9f\x8f\x85 @jkjmt97\n\xf0\x9f\x8f\x85 @pollitomnh\n\xf0\x9f\x8f\x85 @rintarouusuna\n\xf0\x9f\x8f\x85 @silke_lolita\n\n\xe2\x9e\xa1\xef\xb8\x8f\xe2\x80\xa6 https://t.co/lI4UZfVg3U',none

2020-11-01 06:37:28,b'RT @quenblackwell: i\xe2\x80\x99m not gonna hit my children. i\xe2\x80\x99m gonna hiss and then act possessed to rattle them',none

2020-11-01 06:37:00,b'RT @1stADEL: There are 21 million Saudis &amp; 50% are women.\n\n@KenRoth says; 10.5 million\xf0\x9f\x87\xb8\xf0\x9f\x87\xa6women have no rights just because Loujain is detain\xe2\x80\xa6',none

2020-11-01 06:36:00,b'RT @sapnapswifu: lolita minx and niki &lt;33 BUT THEY HAVE GUNS\xf0\x9f\xa7\x8e\xf0\x9f\xa7\x8e this didn\xe2\x80\x99t really turn out how i wanted it to but oh well. after the loh i\xe2\x80\xa6',none

2020-11-01 06:35:45,b'RT @MrMrsLeeMinHo1: @carlos_rhodora @GraceSa10499866 @nicoletteannmc @2019Zombie @MCambsl @pinkyfaye @FTangco @Lam2127 @MayYnfante @twinfla\xe2\x80\xa6',none

2020-11-01 06:34:55,b'RT @amorhestia: call her lawliets lolita \xf0\x9f\x8d\xad\xf0\x9f\x8d\xab\xf0\x9f\x8d\xb0\xf0\x9f\x8d\xac https://t.co/cOqz9mfTZD',http://pbs.twimg.com/media/ElszypFX0AEBCYj.jpg

2020-11-01 06:34:32,b'RT @EmirichuYT: Day 21: Elven\nCharacter: Star Guardian Janna (League of Legends)\n\nDay 29: Lolita \nCharacter: Celestia Ludenberg (Danganronp\xe2\x80\xa6',none

2020-11-01 06:32:09,b'RT @ughhwhatnow: romance is alive and well https://t.co/in7nyA8GiR',http://pbs.twimg.com/media/Ellt-aWWkAAzRvs.jpg

2020-11-01 06:28:43,b'@carlos_rhodora @GraceSa10499866 @nicoletteannmc @2019Zombie @MCambsl @pinkyfaye @FTangco @Lam2127 @MayYnfante\xe2\x80\xa6 https://t.co/wHJVuMOl58',none

2020-11-01 06:27:40,"b'RT @KirbyTheGorb: daily kirby #858, what if instead of kirby *in* a lolita dress , kirby *on* a lolita dress........ https://t.co/wwswRNo4Hw'",http://pbs.twimg.com/media/EltC6MPVMAAmaeS.jpg

2020-11-01 06:22:14,b'RT @Sydsydbizarre: Day 31: free day. My birthday. Last year I said I might make it my thing to draw a Lolita oc on my birthday. This year I\xe2\x80\xa6',none

2020-11-01 06:20:50,b'RT @EmirichuYT: Day 21: Elven\nCharacter: Star Guardian Janna (League of Legends)\n\nDay 29: Lolita \nCharacter: Celestia Ludenberg (Danganronp\xe2\x80\xa6',none

2020-11-01 06:20:38,b'RT @BetsayCamp: Be safe everyone ...\n@robotcry @arriolaalbert57 @iamMeinggay @babyquinto_1 @mariejoylove @mcaroline1936 @CoraMarcelo1 @Pore\xe2\x80\xa6',none

2020-11-01 06:19:09,b'Goth Lolita Sleeves Giveawayy?\n#royalehightrades #royalehigh #royalehighgiveaways #royalehighgiveaway #rhgiveaway\xe2\x80\xa6 https://t.co/PHEAYOQVFe',none

2020-11-01 06:15:39,"b'Just finished reading Ibitsu, wasn\'t good, but the ""lolita"" is lowkey kinda cute https://t.co/QSRXicllvo'",http://pbs.twimg.com/media/Elt5RqSVkAA7QEh.jpg

2020-11-01 06:13:49,b'RT @EmirichuYT: Day 21: Elven\nCharacter: Star Guardian Janna (League of Legends)\n\nDay 29: Lolita \nCharacter: Celestia Ludenberg (Danganronp\xe2\x80\xa6',none

2020-11-01 06:08:47,b'RT @ru____xut: \xf0\x9f\xa4\x8d \xe2\x84\x8c\xf0\x9d\x94\x9e\xf0\x9d\x94\xad\xf0\x9d\x94\xad\xf0\x9d\x94\xb6 \xe2\x84\x8c\xf0\x9d\x94\x9e\xf0\x9d\x94\xa9\xf0\x9d\x94\xa9\xf0\x9d\x94\xac\xf0\x9d\x94\xb4\xf0\x9d\x94\xa2\xf0\x9d\x94\xa2\xf0\x9d\x94\xab \xf0\x9f\x96\xa4\n\xf0\x9f\x91\xbb\n\nlolita @TOWA09180 https://t.co/hLwjsuZuO1',http://pbs.twimg.com/media/ElprRh4VoAI6ybd.jpg

2020-11-01 06:05:50,b'Which president hopeful ever had others campaign for him as much as Biden? I have no idea who the democratic presid\xe2\x80\xa6 https://t.co/lc3zHdBsoW',none

2020-11-01 06:03:30,b'RT @robloxtingz4: Highschool Lacey boots giveaway!\nFlop=delete\n\n~Rules~\nFollow me (@robloxtingz4)\nLike and retweet with tags\nComment done\xe2\x80\xa6',none

2020-11-01 06:03:14,b'RT @chichi_lily: Innocent world https://t.co/wbPnrVOASF',http://pbs.twimg.com/media/Ekp96lFUcAAWiaR.jpg

2020-11-01 06:02:09,"b'@Daisyy29385528 i give you skates, 10k, nocturnal kitty ears, goth lolita sleeves, antilique horns and SE skirt!'",none

2020-11-01 05:58:31,b'Goth Lolita sleeves are SOLDDD!\nTYSM for buying @Valrhshop',none

2020-11-01 05:57:21,b'RT @angry_nettle: Late night drawing of a sweetie lolita vocaloid. #Mayu #Vocaloid https://t.co/jabryKpEUQ',http://pbs.twimg.com/media/ElSL_9zW0AEwFTi.jpg

2020-11-01 05:56:39,"b""RT @0NVE0: Oomf at it again but this time it's a hyperfixation on gothic lolita kurapika \xf0\x9f\xa4\x92""",none

2020-11-01 05:56:14,b'@sutiblr I think adding your school bag adds a unique charm to your lolita look.',none

2020-11-01 05:54:12,"b'Help Rn pls. \n\nMe: Skates, sf skirt, goth Lolita sleeves, butterfly veil, DotD head flowers, ruffle velvet skirts a\xe2\x80\xa6 https://t.co/nSyx3IHbNz'",none

2020-11-01 05:53:13,"b'@po0000000000 Yes Lolita ,Go Touch.'",none

2020-11-01 05:53:11,"b""@moonlightslove_ @lolita_bih @BijuuMike Lol they're upset he didn't cry his eyes out over Kotoko being upset at the\xe2\x80\xa6 https://t.co/O6Ce9uIEek""",none

2020-11-01 05:51:46,b'@lowdruggies 2020 Parasol OR ltbs\nGoth Lolita Sleeves\nMagical Witch Hat\nVampire Crown\nNocturnal Kitty Ears\nPacifier\xe2\x80\xa6 https://t.co/Mrq19yOJie',none

2020-11-01 05:48:47,b'@olasoydora 2020 Parasol OR ltbs\nGoth Lolita Sleeves\nMagical Witch Hat\nVampire Crown\nNocturnal Kitty Ears\nPacifier\xe2\x80\xa6 https://t.co/UjSOHDzayC',none

2020-11-01 05:48:44,b'bye i love lolita',none

2020-11-01 05:47:09,"b'@lulu_kkkk i give you skates, nocturnal kitty ears, 10k diamonds,spring horns and goth lolita sleeves!'",none

2020-11-01 05:45:27,"b'@azm0oo i give you skates, nocturnal kitty ears, 10k diamonds,spring horns and goth lolita sleeves!'",none

2020-11-01 05:42:33,"b'@po0000000000 Yes Lolita ,No Touch.'",none

2020-11-01 05:40:00,b'RT @hertzprung: halloween request #3: lieutenant tsurumi in gothic lolita for @schrikes \n\ngot a little carried away with this one. gotta pi\xe2\x80\xa6',none

2020-11-01 05:39:32,"b'RT @rawrdere: lolita community so toxic like just let ppl enjoy themselves, shit ...'",none

2020-11-01 05:36:50,b'Me *browses lolita stuff on any lolita selling site*\nThis is so pretty... why is everything so expensive...',none

2020-11-01 05:35:34,b'@ekstazsi lolita campur likey',none

2020-11-01 05:35:27,b'RT @sapnapswifu: lolita minx and niki &lt;33 BUT THEY HAVE GUNS\xf0\x9f\xa7\x8e\xf0\x9f\xa7\x8e this didn\xe2\x80\x99t really turn out how i wanted it to but oh well. after the loh i\xe2\x80\xa6',none

2020-11-01 05:35:05,b'RT @hertzprung: halloween request #3: lieutenant tsurumi in gothic lolita for @schrikes \n\ngot a little carried away with this one. gotta pi\xe2\x80\xa6',none

2020-11-01 05:33:04,"b'Princess Diana was a victim of ""love jihad"". A less painful instance would be the dalliances of Imran Nazi. Muslim\xe2\x80\xa6 https://t.co/lhac535xeZ'",none

2020-11-01 05:31:04,"b""RT @Oneirio: i tried to go with the strive theme of making their outfits look more casual. dizzy's design is based on her rev 2 after story\xe2\x80\xa6""",none

2020-11-01 05:30:51,b'Bidding Goth Lolita Sleeves                       Starting  Bid: 15k                                      Highest B\xe2\x80\xa6 https://t.co/UfYvwhchTk',none

2020-11-01 05:30:49,b'RT @BelindaUtop: Lolita \xf0\x9f\x94\xa5\xf0\x9f\x94\xa5\xf0\x9f\x94\xa5\xf0\x9f\x94\xa5 Halloween \n@belindapop \xf0\x9f\x98\x8d\xf0\x9f\x8e\x83 https://t.co/nuk7vOwq7C',http://pbs.twimg.com/ext_tw_video_thumb/1322751295632023552/pu/img/RqYdHX-aM_u00WMf.jpg

2020-11-01 05:26:00,b'Lolita Flores',none

2020-11-01 05:24:50,"b""@lolnagito @lolita_bih @BijuuMike When someone makes fun of kotoko's trauma people naturally attack that person. Bi\xe2\x80\xa6 https://t.co/bcxKCO7w1C""",none

2020-11-01 05:22:09,"b""RT @Lindsey_Rose1: Tim Curry is here and he's singing and my heart and I love him and I love this \xf0\x9f\x92\x9c #RockyHorrorLive https://t.co/AWWnmLxNDq""",http://pbs.twimg.com/ext_tw_video_thumb/1322740739386888192/pu/img/Wnxq41n0180xS0Ll.jpg

2020-11-01 05:21:57,"b'RT @KNDmex: Wait, I can explain. Tim Curry \xf0\x9f\x92\x95 #RockyHorrorLive https://t.co/hqfvvzdNuu'",http://pbs.twimg.com/ext_tw_video_thumb/1322744507864027137/pu/img/6CFzGNzov1OcZqJ6.jpg

2020-11-01 05:21:22,b'RT @Bidoofs: Tim Curry and Wilmer Valderama reading a sex scene together. Happy Halloween. #RockyHorrorLive https://t.co/8l39UZXFOq',http://pbs.twimg.com/media/EltMWMiWkAU9Tn4.jpg

2020-11-01 05:20:58,b'RT @Margit: Tim Curry \xe2\x9d\xa4\xef\xb8\x8f\xe2\x9d\xa4\xef\xb8\x8f\xe2\x9d\xa4\xef\xb8\x8f\xe2\x9d\xa4\xef\xb8\x8f\xe2\x9d\xa4\xef\xb8\x8f\xe2\x9d\xa4\xef\xb8\x8f #RockyHorrorLive https://t.co/4yObtNL7fR',http://pbs.twimg.com/media/EltHMU6XUAA12K-.jpg

2020-11-01 05:20:55,b'RT @sigridellis: #RockyHorrorLive FYI he did have massive stroke in 2012 and is paralyzed\n\nAnd now they are ad-libbing like fucking champio\xe2\x80\xa6',none

2020-11-01 05:20:51,b'RT @Sydsydbizarre: Day 31: free day. My birthday. Last year I said I might make it my thing to draw a Lolita oc on my birthday. This year I\xe2\x80\xa6',none

2020-11-01 05:20:40,b'RT @JakeNiemeyer: Little Nell assisting Tim Curry through #RockyHorrorLive is equally heartbreaking and heartwarming. Both are treasures.',none

2020-11-01 05:20:31,b'RT @jruggiero86: Always good to see Tim! #RockyHorrorLive https://t.co/tTIhvXWBDC',http://pbs.twimg.com/media/EltFxRUVoAAmedz.jpg

2020-11-01 05:20:21,b'RT @shella_4711: This is the future liberals want. #RockyHorrorLive https://t.co/au4SazV6ed',http://pbs.twimg.com/media/EltWlT0XYAACdiv.jpg

2020-11-01 05:20:16,b'RT @GregoryGAllen: I love Nell &amp; Tim just going off script and making up lines. Love her for being such a great ensemble player and steppin\xe2\x80\xa6',none

2020-11-01 05:20:00,"b'RT @heidimiller: Tim Curry doing RPHS live after a stroke warms my heart. Too many actors play having a disability, but actors with actual\xe2\x80\xa6'",none

2020-11-01 05:19:36,"b'RT @Adara___: No need to say it, but Tim Curry is a legend. A true icon. Seeing him in #RockyHorrorLive is making me so happy and emotional\xe2\x80\xa6'",none

2020-11-01 05:19:35,"b'RT @Adara___: .@SethGreen as RIFF RAFF everyday, please and thank you. #RockyHorrorLive  @WisDems \xf0\x9f\x91\x84 https://t.co/iIUZ3qIa1y'",http://pbs.twimg.com/media/EltFgnwX0AEQhwK.jpg

2020-11-01 05:18:58,b'hey lolita hey',none

2020-11-01 05:15:51,b'@Lolita_TNIE @KARailway @KannadaPrabha @cpronammametro @srivasrbmrccoi1 @MoHUA_India @WFRising @WF_Watcher\xe2\x80\xa6 https://t.co/p7pDLQwPAN',none

2020-11-01 05:14:52,b'@lolita_bih @BijuuMike bruh the fandom literally makes fun of kotoko\xe2\x80\x99s trauma and no one points it out. always okay\xe2\x80\xa6 https://t.co/NHdW0IRnQ6',none

2020-11-01 05:13:12,b'@scoutvenus ME TOO \xf0\x9f\x98\x85\xf0\x9f\x98\x85\xf0\x9f\x98\x85 I\xe2\x80\x99ve been trying to find a damn maxi pad headdress and I can\xe2\x80\x99t bc nobody except me wants 2003 lolita aesthetics lmao',none

2020-11-01 05:11:23,b'RT @lilacjay2: Please sign this petition &amp; retweet. Lolita has spent 50 years in a tiny tank (illegally too small but nobody in power seems\xe2\x80\xa6',none

2020-11-01 05:10:37,b'@G0DV0RE_ lolita type beat',none

2020-11-01 05:10:21,"b""Art by the malbethbear they ship togafuka but they made this, ye I don't get it either #tokomaru #danganronpa #udg\xe2\x80\xa6 https://t.co/v4M0hxCJ57""",none

2020-11-01 05:10:06,b'Highschool Lacey boots giveaway!\nFlop=delete\n\n~Rules~\nFollow me (@robloxtingz4)\nLike and retweet with tags\nComment\xe2\x80\xa6 https://t.co/3xGLwhXAKc',none

2020-11-01 05:09:25,b'RT @hertzprung: halloween request #3: lieutenant tsurumi in gothic lolita for @schrikes \n\ngot a little carried away with this one. gotta pi\xe2\x80\xa6',none

2020-11-01 05:09:17,b'RT @himegamik: \xf0\x9f\xa6\x87\xf0\x9f\x8c\xb9Lolita Doll \xf0\x9f\x8e\x80\xf0\x9f\x8d\xac #\xe3\x83\xad\xe3\x83\xaa\xe3\x83\xbc\xe3\x82\xbf\xe3\x83\x95\xe3\x82\xa1\xe3\x83\x83\xe3\x82\xb7\xe3\x83\xa7\xe3\x83\xb3 https://t.co/dkFccYa6zK',http://pbs.twimg.com/media/EjKe8EUU8AAypcD.jpg

2020-11-01 05:07:39,b'Found this beautiful #lolita #cosplay dress on Vinted. I think I can make something similar and will certainly give\xe2\x80\xa6 https://t.co/TCC4ALaVIL',none

2020-11-01 05:07:20,b'RT @acme_chisa: \xf0\x9f\x8e\x83CHISA Lolita Halloween Cheki\xf0\x9f\x8e\x83\nA limited number of cheki sets will be available on the FAKE STAR Shop!\n5 cheki set for $50\xe2\x80\xa6',none

2020-11-01 05:06:50,b'I want to know if Kev had a ride on Lolita Express... https://t.co/MAkefix5HE',none

2020-11-01 05:06:08,b'RT @himegamik: \xf0\x9f\xa6\x87\xf0\x9f\x8c\xb9Lolita Doll \xf0\x9f\x8e\x80\xf0\x9f\x8d\xac #\xe3\x83\xad\xe3\x83\xaa\xe3\x83\xbc\xe3\x82\xbf\xe3\x83\x95\xe3\x82\xa1\xe3\x83\x83\xe3\x82\xb7\xe3\x83\xa7\xe3\x83\xb3 https://t.co/dkFccYa6zK',http://pbs.twimg.com/media/EjKe8EUU8AAypcD.jpg

2020-11-01 05:05:31,b'RT @EmirichuYT: Day 21: Elven\nCharacter: Star Guardian Janna (League of Legends)\n\nDay 29: Lolita \nCharacter: Celestia Ludenberg (Danganronp\xe2\x80\xa6',none

2020-11-01 05:03:50,b'ah i need a lolita blouse for that',none

2020-11-01 05:02:50,b'@Sadness14692322 can i give goth lolita sleeves and halloween items',none

2020-11-01 05:02:08,b'trading goth lolita sleeves!!\xf0\x9f\x98\x81',none

2020-11-01 05:00:17,b'@KamenSentai606 There goes the goth lolita',none

2020-11-01 04:59:56,b'@Lolita_Love93 NORMAN WINS. EVERY DAMN TIMEEEE\xf0\x9f\x92\x80',none

2020-11-01 04:59:51,b'SELLING THESE ITEMS :\nGOTH LOLITA SLEEVES = 30k-40k\nMAGICAL WITCH = 12k-15k\nMLR BODICE = 5k\nKITCHEN ACCIDENT = 5k\nA\xe2\x80\xa6 https://t.co/cY0NpmAZyl',none

2020-11-01 04:57:36,b'\xe2\x99\xa1Selling Items\xe2\x99\xa1\nItems:\n\xe2\x99\xa1DD Tea party bow: 5k\n\xe2\x99\xa1Lunar rat ears: 1k\n\xe2\x99\xa1Nom Nom waist floatie: 2k\n\xe2\x99\xa1Fuzzy Bracelets: 2k\n\xe2\x99\xa1M\xe2\x80\xa6 https://t.co/X954FprgvQ',none

2020-11-01 04:56:50,"b'@ngemma393 i have a parasol,nocturnal kitty ears, antilique horns, shadow empress crown, goth lolita sleeves, holdi\xe2\x80\xa6 https://t.co/ktAcQVITpF'",none

2020-11-01 04:54:35,b'RT @sapnapswifu: lolita minx and niki &lt;33 BUT THEY HAVE GUNS\xf0\x9f\xa7\x8e\xf0\x9f\xa7\x8e this didn\xe2\x80\x99t really turn out how i wanted it to but oh well. after the loh i\xe2\x80\xa6',none

2020-11-01 04:54:16,"b'Me: HH18\nThem: HH20, Kitty Crossbody, Magical Broomstick, Magical Witch, Gothic Lolita Sleeves, Vampire Crown\n(Trad\xe2\x80\xa6 https://t.co/dF1r7TBabt'",none

2020-11-01 04:54:02,"b'RT @darkyjoe_: Halloween video call with @_nyanssu oc, Angkasa! Thank you Mir\xe2\x9c\xa8\xf0\x9f\x92\x9b finally they can meet each other\xf0\x9f\xa4\xad\xf0\x9f\xa4\xad\nAnw Rei agreed to do thi\xe2\x80\xa6'",none

2020-11-01 04:53:54,"b'RT @skpachauri11: BREAKING:\n\nIn compliance with JKHC order, Govt of J&amp;K issues order to cancel all actions/mutations/transfer of rights don\xe2\x80\xa6'",none

2020-11-01 04:53:21,b'RT @sapnapswifu: lolita minx and niki &lt;33 BUT THEY HAVE GUNS\xf0\x9f\xa7\x8e\xf0\x9f\xa7\x8e this didn\xe2\x80\x99t really turn out how i wanted it to but oh well. after the loh i\xe2\x80\xa6',none

2020-11-01 04:52:35,b'RT @TonyKanal: Kidnapped from her family pod and held in captivity for 50 years. Please urge her captors to release Lolita to her home wate\xe2\x80\xa6',none

2020-11-01 04:51:44,"b'Me: HH18\nThem: HH20, Noc Kitty Ears, Lolita Sleeves, Magical Broomstick, Vampire Crown and Kitty Crossbody\n\n(Trade Already Completed)'",none

2020-11-01 04:50:43,b'RT @Ecsoyosayahooc1: @BetsayCamp @robotcry @arriolaalbert57 @iamMeinggay @babyquinto_1 @mariejoylove @mcaroline1936 @CoraMarcelo1 @Poreber2\xe2\x80\xa6',none

2020-11-01 04:45:26,b'Lolita Witch HAPPY HALLOWEEN \n#Halloween #HappyHalloween #Halloween2020  #HalloweenAtHome #witch #lolita #EGL\xe2\x80\xa6 https://t.co/jX1Rzguleu',none

2020-11-01 04:44:05,b'@kemflr Light + Hh18 + parasol20 + goth Lolita sleeves + kitty crossbody + adorable lace up doll boots + giant teddy',none

2020-11-01 04:42:23,b'Aaaaaaaand I over ate again https://t.co/ADkelULfcR',http://pbs.twimg.com/tweet_video_thumb/EltkAXwWkAElA4K.jpg

2020-11-01 04:40:46,"b""@dumauriayyy @Moondancer1626 that's so cute!!! I would love to wear Lolita if I could fit brand""",none

2020-11-01 04:40:43,b'RT @sapnapswifu: lolita minx and niki &lt;33 BUT THEY HAVE GUNS\xf0\x9f\xa7\x8e\xf0\x9f\xa7\x8e this didn\xe2\x80\x99t really turn out how i wanted it to but oh well. after the loh i\xe2\x80\xa6',none

2020-11-01 04:40:17,b'RT @retrolanabby: i don\xe2\x80\x99t know who needs to hear this but lolita isn\xe2\x80\x99t a skip https://t.co/v3gtaGYDi1',http://pbs.twimg.com/media/ElnUrg8XYAMM5qK.jpg

2020-11-01 04:38:33,b'RT @dumauriayyy: decided to wear sweet lolita tonight...first time wearing this angelic pretty dress \xf0\x9f\x98\x8a\xf0\x9f\x92\x95 https://t.co/mXAWtAnjwz',http://pbs.twimg.com/media/ElsgfqTWoAM-IYm.jpg

2020-11-01 04:37:40,"b'RT @LolitaWardrobe: Preorder Deadline Reminder: Foxtrot \xe3\x80\x90-The Secret of Princess-\xe3\x80\x91 Gothic Lolita Blouse, Vest, Cape and Skirt\n\n\xe2\x97\x86 This Serie\xe2\x80\xa6'",none

2020-11-01 04:37:36,b'RT @sapnapswifu: lolita minx and niki &lt;33 BUT THEY HAVE GUNS\xf0\x9f\xa7\x8e\xf0\x9f\xa7\x8e this didn\xe2\x80\x99t really turn out how i wanted it to but oh well. after the loh i\xe2\x80\xa6',none

2020-11-01 04:36:16,b'RT @sapnapswifu: lolita minx and niki &lt;33 BUT THEY HAVE GUNS\xf0\x9f\xa7\x8e\xf0\x9f\xa7\x8e this didn\xe2\x80\x99t really turn out how i wanted it to but oh well. after the loh i\xe2\x80\xa6',none

2020-11-01 04:35:47,b'RT @sapnapswifu: lolita minx and niki &lt;33 BUT THEY HAVE GUNS\xf0\x9f\xa7\x8e\xf0\x9f\xa7\x8e this didn\xe2\x80\x99t really turn out how i wanted it to but oh well. after the loh i\xe2\x80\xa6',none

2020-11-01 04:35:37,b'RT @sapnapswifu: lolita minx and niki &lt;33 BUT THEY HAVE GUNS\xf0\x9f\xa7\x8e\xf0\x9f\xa7\x8e this didn\xe2\x80\x99t really turn out how i wanted it to but oh well. after the loh i\xe2\x80\xa6',none

2020-11-01 04:35:23,b'@Lolita_14_ Yes. Yes. And yess\xf0\x9f\x98\x94',none

2020-11-01 04:35:22,b'RT @sapnapswifu: lolita minx and niki &lt;33 BUT THEY HAVE GUNS\xf0\x9f\xa7\x8e\xf0\x9f\xa7\x8e this didn\xe2\x80\x99t really turn out how i wanted it to but oh well. after the loh i\xe2\x80\xa6',none

2020-11-01 04:35:22,b'RT @sapnapswifu: lolita minx and niki &lt;33 BUT THEY HAVE GUNS\xf0\x9f\xa7\x8e\xf0\x9f\xa7\x8e this didn\xe2\x80\x99t really turn out how i wanted it to but oh well. after the loh i\xe2\x80\xa6',none

2020-11-01 04:31:39,b'RT @BelindaUtop: Lolita \xf0\x9f\x94\xa5\xf0\x9f\x94\xa5\xf0\x9f\x94\xa5\xf0\x9f\x94\xa5 Halloween \n@belindapop \xf0\x9f\x98\x8d\xf0\x9f\x8e\x83 https://t.co/nuk7vOwq7C',http://pbs.twimg.com/ext_tw_video_thumb/1322751295632023552/pu/img/RqYdHX-aM_u00WMf.jpg

2020-11-01 04:30:33,b'RT @sapnapswifu: lolita minx and niki &lt;33 BUT THEY HAVE GUNS\xf0\x9f\xa7\x8e\xf0\x9f\xa7\x8e this didn\xe2\x80\x99t really turn out how i wanted it to but oh well. after the loh i\xe2\x80\xa6',none

2020-11-01 04:30:28,"b'RT @_xxKaiYaoxx_: im planning to farm for more candies to buy another goth lolita sleeves, so comment down below an offer if you have \n\nim\xe2\x80\xa6'",none

2020-11-01 04:29:54,"b'RT @tyunderwood: @naxuu Nabokov, on the design of Lolita\'s cover: ""There is one subject which I am emphatically opposed to: any kind of rep\xe2\x80\xa6'",none

2020-11-01 04:29:43,b'RT @stoner_luka: funfact i love lolita fashion',none

2020-11-01 04:29:24,b'RT @sapnapswifu: lolita minx and niki &lt;33 BUT THEY HAVE GUNS\xf0\x9f\xa7\x8e\xf0\x9f\xa7\x8e this didn\xe2\x80\x99t really turn out how i wanted it to but oh well. after the loh i\xe2\x80\xa6',none

2020-11-01 04:29:09,b'RT @_20170720_: \xf0\x9d\x94\x87\xf0\x9d\x94\xb2\xf0\x9d\x94\xa3\xf0\x9d\x94\xa3\xf0\x9d\x94\xb6 \xe2\x99\xb0 \xf0\x9d\x94\x96\xf0\x9d\x94\xa5\xf0\x9d\x94\xa2\xf0\x9d\x94\xa9\xf0\x9d\x94\xa9\xf0\x9d\x94\xa6\xf0\x9d\x94\xa2\xf0\x9d\x94\x90\xf0\x9d\x94\x9e\xf0\x9d\x94\xb6 https://t.co/L9kHl4T5Tu',http://pbs.twimg.com/media/ElqUtY_VoAAVwSV.jpg

2020-11-01 04:28:46,b'@Lolita_skies Or i can go with val set up to 25k since i got my daily rewards today-',none

2020-11-01 04:28:00,b'@Lolita_skies Yea- ive been trying to look for ltbs- and my offer is either val set and those wings or val set and 22k-',none

2020-11-01 04:27:33,b'lolita minx and niki &lt;33 BUT THEY HAVE GUNS\xf0\x9f\xa7\x8e\xf0\x9f\xa7\x8e this didn\xe2\x80\x99t really turn out how i wanted it to but oh well. after the\xe2\x80\xa6 https://t.co/xib03OaFKF',none

2020-11-01 04:27:08,b'funfact i love lolita fashion',none

2020-11-01 04:25:53,b'RT @kaiser_iscursed: I\xe2\x80\x99ll be hosting \xe2\x80\x9cBloody Devil: A Guro Lolita DIY\xe2\x80\x9d Panel for Gramarye A @bayareakei Event on the 31st at 9:30 PT/12:30\xe2\x80\xa6',none

2020-11-01 04:23:38,b'RT @PrincessYUUUH: My gothic lolita coord from today!!! Happy Halloween! \xf0\x9f\x96\xa4\xf0\x9f\x96\xa4\xf0\x9f\x96\xa4\n\n\xf0\x9f\x93\xb8: @SUP3RTOOT https://t.co/zPofkVky0B',http://pbs.twimg.com/media/ElsksNkWoAA9n50.jpg

2020-11-01 04:23:37,b'lrt me but in ott sweet lolita',none

2020-11-01 04:22:18,b'RT @Ecsoyosayahooc1: @BetsayCamp @robotcry @arriolaalbert57 @iamMeinggay @babyquinto_1 @mariejoylove @mcaroline1936 @CoraMarcelo1 @Poreber2\xe2\x80\xa6',none

2020-11-01 04:22:11,"b'@moonlightslove_ @NoSoulArtist @lolita_bih @BijuuMike I get that he doesnt know about Byakuyas trauma, but its very\xe2\x80\xa6 https://t.co/2HZhAHESxC'",none

2020-11-01 04:21:42,"b'RT @darkyjoe_: Halloween video call with @_nyanssu oc, Angkasa! Thank you Mir\xe2\x9c\xa8\xf0\x9f\x92\x9b finally they can meet each other\xf0\x9f\xa4\xad\xf0\x9f\xa4\xad\nAnw Rei agreed to do thi\xe2\x80\xa6'",none

2020-11-01 04:21:16,b'@lolita_bih @moonlightslove_ @BijuuMike Show some evidence.',none

2020-11-01 04:18:41,b'RT @hertzprung: halloween request #3: lieutenant tsurumi in gothic lolita for @schrikes \n\ngot a little carried away with this one. gotta pi\xe2\x80\xa6',none

2020-11-01 04:18:36,b'RT @MERPATI43655841: Lolita donat \xf0\x9f\x91\x85\xf0\x9f\x99\x84\xf0\x9f\x92\x9a https://t.co/RXwDIGWfU5',http://pbs.twimg.com/ext_tw_video_thumb/1287372300828860416/pu/img/NqKKNU4Pbh1O5MGC.jpg

2020-11-01 04:17:49,b'halloween request #3: lieutenant tsurumi in gothic lolita for @schrikes \n\ngot a little carried away with this one.\xe2\x80\xa6 https://t.co/jtktot1bXy',none

2020-11-01 04:16:22,"b""RT @Calyta_kim: Day 29: Kaai Yuki\n\nSince Yuki's measures is by apples, how about an Apple Yuki to make her a Kawaii Yuki??\n\n#Vocatober #voc\xe2\x80\xa6""",none

2020-11-01 04:15:13,b'Please sign this petition &amp; retweet. Lolita has spent 50 years in a tiny tank (illegally too small but nobody in po\xe2\x80\xa6 https://t.co/vXt1HiGcBo',none

2020-11-01 04:15:03,"b""RT @Calyta_kim: Day 29: Kaai Yuki\n\nSince Yuki's measures is by apples, how about an Apple Yuki to make her a Kawaii Yuki??\n\n#Vocatober #voc\xe2\x80\xa6""",none

2020-11-01 04:14:49,"b""Day 29: Kaai Yuki\n\nSince Yuki's measures is by apples, how about an Apple Yuki to make her a Kawaii Yuki??\xe2\x80\xa6 https://t.co/7xYhIU3Vii""",none

2020-11-01 04:14:37,"b""@lolita_bih @BijuuMike I understand what you mean, I'm sure he will talk about that soon. I heard he is going to ma\xe2\x80\xa6 https://t.co/rR3ST4IGJu""",none

2020-11-01 04:13:45,b'Kiss me in the d a r k dark tonight d a r k do it my way kiss me in the p a r k park tonight p a r k something let\xe2\x80\xa6 https://t.co/5YTIjjx90X',none

2020-11-01 04:13:41,"b""@Lolita_TNIE It's the mindset that didn't change with time.""",none

2020-11-01 04:13:24,"b'I visited a spooky island on acnh with a friend, had a bunch of chocolate, a boulevardier and a few glasses of cab\xe2\x80\xa6 https://t.co/aWc4YiUbBM'",none

2020-11-01 04:13:21,b'RT @BetsayCamp: Be safe everyone ...\n@robotcry @arriolaalbert57 @iamMeinggay @babyquinto_1 @mariejoylove @mcaroline1936 @CoraMarcelo1 @Pore\xe2\x80\xa6',none

2020-11-01 04:11:54,b'@MrKRudd I\xe2\x80\x99d like to know more about your relationship with Pedo Epstein. How many times did you fly on the Lolita express?',none

2020-11-01 04:07:46,b'RT @Ecsoyosayahooc1: @BetsayCamp @robotcry @arriolaalbert57 @iamMeinggay @babyquinto_1 @mariejoylove @mcaroline1936 @CoraMarcelo1 @Poreber2\xe2\x80\xa6',none

2020-11-01 04:06:05,b'@moonlightslove_ @lolita_bih @BijuuMike Honestly bro',none

2020-11-01 04:05:19,b'put my bf in my lolita dress hell yeah',none

2020-11-01 04:04:31,b'Lolita \xf0\x9f\x94\xa5\xf0\x9f\x94\xa5\xf0\x9f\x94\xa5\xf0\x9f\x94\xa5 Halloween \n@belindapop \xf0\x9f\x98\x8d\xf0\x9f\x8e\x83 https://t.co/nuk7vOwq7C',http://pbs.twimg.com/ext_tw_video_thumb/1322751295632023552/pu/img/RqYdHX-aM_u00WMf.jpg

2020-11-01 04:02:20,b'@DiddledRump @seanhannity Where is Big Bill on the Lolita Express?',none

2020-11-01 04:01:11,"b""I'm so fucking done with this drama if I see one more person defend bijuu for his actions I'm blocking u \xf0\x9f\x99\x82""",none

2020-11-01 04:01:02,b'RT @ii_mememe: toothache https://t.co/ysDNsWFLwK',http://pbs.twimg.com/media/ElfeE9tU8AA1vyJ.jpg

2020-11-01 04:01:02,b'@Ts_Lolita Good night sexy babe! Love you! \xf0\x9f\x92\x95\xf0\x9f\x92\x95\xf0\x9f\x92\x95',none

2020-11-01 03:59:24,"b""@moonlightslove_ @BijuuMike Well he did and it doesn't excuse his actions""",none

2020-11-01 03:58:23,b'@Minkaaw1 @JoshRichards Lordt not you being lolita like wtf someone call #peta #crimestoppers',none

2020-11-01 03:58:08,"b""Here's a wip of my Tokomaru drawing that was for Halloween but I couldn't finish it in time. But can we take a mome\xe2\x80\xa6 https://t.co/yZOGesMD9H""",none

2020-11-01 03:57:55,"b'@lolita_bih @BijuuMike The only one I can remember was him laughing at Masaru, but that was because it was pretty a\xe2\x80\xa6 https://t.co/bVbQgQUK04'",none

2020-11-01 03:56:42,b'@itshoneyli Ayyyy I just ordered a pc',none

2020-11-01 03:56:41,"b""@lolita_bih @BijuuMike What was the joke specifically? Because I don't remember him making any jokes in his playthr\xe2\x80\xa6 https://t.co/ow8G4B1Nj8""",none

2020-11-01 03:56:30,b'@NoSoulArtist @BijuuMike No u defending him \xf0\x9f\x91\x81\xef\xb8\x8f\xf0\x9f\x91\x84\xf0\x9f\x91\x81\xef\xb8\x8f',none

2020-11-01 03:56:03,b'RT @LolitaWardrobe: 2020 Preorder: Unideer \xe3\x80\x90-The Deer Princess-\xe3\x80\x91 Lolita Coats\n\n\xe2\x97\x86 Shopping Link &gt;&gt;&gt; https://t.co/adc6t6L4VU\n\xe2\x97\x86 New Colors Ava\xe2\x80\xa6',none

2020-11-01 03:55:04,b'@BetsayCamp @robotcry @arriolaalbert57 @iamMeinggay @babyquinto_1 @mariejoylove @mcaroline1936 @CoraMarcelo1\xe2\x80\xa6 https://t.co/SMWYThM80t',none

2020-11-01 03:54:13,b'RT @sophieraccoon: One of my Lolita dresses fits over my suit https://t.co/Q6afgmaqhY',http://pbs.twimg.com/media/EltWGG4WoAAc4bG.jpg

2020-11-01 03:53:27,"b""@ArchonOf By this same logic, something like Taxi Driver or Lolita should be banned. We'll never have films like wi\xe2\x80\xa6 https://t.co/fIg19qHKqT""",none

2020-11-01 03:49:17,"b""@6XdivergentX4 @NoSoulArtist @lolita_bih @BijuuMike Mike doesn't know that Toko, Byakuya, or Nagito has trauma. And\xe2\x80\xa6 https://t.co/FNHKzWRkao""",none

2020-11-01 03:47:12,"b""@RealGirlWeeb @lolita_bih @BijuuMike This is what I've been trying to explain. Mike doesnt know that Toko, Nagito,\xe2\x80\xa6 https://t.co/WAl4jl0Hqc""",none

2020-11-01 03:45:08,b'Test run for a new cosplay.....not too shabby for a last minute throw together \xf0\x9f\xa5\xb0\n\n#halloween\xef\xbf\xbc #halloweencostume\xe2\x80\xa6 https://t.co/2hCW7xe1rs',none

2020-11-01 03:42:41,b'm obsessed w lolita dresses i want to buy more',none

2020-11-01 03:41:37,b'One of my Lolita dresses fits over my suit https://t.co/Q6afgmaqhY',http://pbs.twimg.com/media/EltWGG4WoAAc4bG.jpg

2020-11-01 03:40:54,b'Happy Halloween - Kimi and Dylan Pocari #chihuahua #pumpkin #lolita \xf0\x9f\xa7\x9b\xe2\x80\x8d\xe2\x99\x80\xf0\x9f\x8e\x83\xf0\x9f\x91\xbb https://t.co/d61cRQ3Mt3',none

2020-11-01 03:40:19,b'RT @GothOfTheDay: Today\xe2\x80\x99s Goth of the day is the Vocaloid MAYU! Her style of choice is Gothic Lolita. https://t.co/45NsWOX2We',http://pbs.twimg.com/media/EfGkHVTUMAAu69e.jpg

2020-11-01 03:39:36,b'@starsanrio honestly half this costume is homestuck stuff and then my dress for stocking from pswg + rectangle loli\xe2\x80\xa6 https://t.co/NQHJES8QRK',none

2020-11-01 03:39:34,"b""when your daughter won't cosplay lolita for you #dadproblems""",none

2020-11-01 03:38:31,"b""@lolita_bih @BijuuMike Really, it's just fiction, you lived in real world not a fictional world,""",none

2020-11-01 03:38:21,"b'dirty sex , piss-play , lolita , pet'",none

2020-11-01 03:38:13,"b'Her clothes are mostly elegant and black with frills and white quillings, thus resembling elegant gothic lolita fashion. #Bot'",none

2020-11-01 03:37:53,"b""@lolita_bih @BijuuMike The funny thing is, mike doesn't know that Byakuya(someone who doesn't even exist) has traum\xe2\x80\xa6 https://t.co/wYEpiwh2GQ""",none

2020-11-01 03:37:51,b'Be safe everyone ...\n@robotcry @arriolaalbert57 @iamMeinggay @babyquinto_1 @mariejoylove @mcaroline1936\xe2\x80\xa6 https://t.co/7G0XIakwZH',none

2020-11-01 03:35:12,"b""@lolita_bih @BijuuMike He made a light joke and I could tell you he obviously didn't mean it in a bad way so plz st\xe2\x80\xa6 https://t.co/Lv16tfDp17""",none

2020-11-01 03:35:10,b'@giannachiarot Lolita -is Christian terribly missing me ?',none

2020-11-01 03:29:42,"b'Happy Halloween, virtual photoshoot edition! Someday @sleepyseagull and I will be able to wear lolita fashion in pe\xe2\x80\xa6 https://t.co/kQ5IRV802p'",none

2020-11-01 03:27:45,b'@M1sterM0use lolita shopping sites own my life',none

2020-11-01 03:25:55,b'@NoSoulArtist @lolita_bih @BijuuMike The problem is that the character is one that a lot of people find comfort in\xe2\x80\xa6 https://t.co/CafNaoZQDT',none

2020-11-01 03:22:23,"b""I'm online right now on Skyprivate - pay-per-minute system for Skype live shows. Call me right now in private here:\xe2\x80\xa6 https://t.co/AuLVvf2DCl""",none

2020-11-01 03:21:34,"b""I wanted to wear lolita today but I don't have the energy to even get out of bed""",none

2020-11-01 03:21:12,b'@BADf3minist @LilyGre25442778 @Ellen_Lee3 @ddale8 And yes Trump reported Epstein and banned him from Mar-a-lago. Th\xe2\x80\xa6 https://t.co/fIulIbq6lQ',none

2020-11-01 03:20:42,b'@konyataform Esoteric truth: lolita is actually a novel about being a trucker. The real purpose of the story is to\xe2\x80\xa6 https://t.co/NCX97yy9XV',none

2020-11-01 03:20:16,"b""I don't have Halloween content I wore lolita and became increasingly humiliated having to explain that I was not in\xe2\x80\xa6 https://t.co/ALmtxP8r7n""",none

2020-11-01 03:17:39,b'@PalabanALDUB6 @glo574 @GraceSa10499866 @nicoletteannmc @2019Zombie @MCambsl @pinkyfaye @FTangco @Lam2127\xe2\x80\xa6 https://t.co/8CcKaA72I9',none

2020-11-01 03:17:39,b'@Timcast And were on the Lolita Express flight logs',none

2020-11-01 03:14:52,"b""@lolita_bih @BijuuMike Its a fictional character's trauma though. Like, I'd understand if it was a real person but\xe2\x80\xa6 https://t.co/GvM8mK8vqm""",none

2020-11-01 03:08:46,b'@PNW_Biker If Hillary had been president we wouldn\xe2\x80\x99t know half of what we do now. Harvey would still be making movi\xe2\x80\xa6 https://t.co/ZtW8DesEYb',none

2020-11-01 03:08:23,"b""RT @_VenusGalaxia_: I've been really into pixel art recently.\n\n#Lolita #drawing https://t.co/oZ9k4I7MCR""",http://pbs.twimg.com/media/EltMhcdXEAIxEy3.png

2020-11-01 03:07:53,"b'@Buttfrags @patkrueger @thedailybeast Those two things do not equate. Bill Clinton flew on Lolita Express 26 times,\xe2\x80\xa6 https://t.co/OrWOlen5R5'",none

2020-11-01 03:06:15,"b""Lolita went to the store over an hour ago. I'm still stuck on which route she took cause HEB is only 8 minutes away...""",none

2020-11-01 03:05:33,"b""@lolita_bih @BijuuMike Hi! Who's trama did he make fun of? Genuinely asking.""",none

2020-11-01 03:02:06,"b""@BijuuMike U literally made fun of someone's trauma \xf0\x9f\x91\x81\xef\xb8\x8f\xf0\x9f\x91\x84\xf0\x9f\x91\x81\xef\xb8\x8f""",none

2020-11-01 02:59:47,"b""I've been really into pixel art recently.\n\n#Lolita #drawing https://t.co/oZ9k4I7MCR""",http://pbs.twimg.com/media/EltMhcdXEAIxEy3.png

2020-11-01 02:56:58,"b'Gothic lolita dress taken September 2019 -1-\nSuzu is Japanese, this is a Japanese crossdresser.\nYou can read it in\xe2\x80\xa6 https://t.co/C7N0EzOFPX'",none

2020-11-01 02:55:24,b'How Lolita Author Vladimir Nabokov Helped Ruth Bader Ginsburg Find Her Voice https://t.co/hedafSgalc',none

2020-11-01 02:54:10,b'@GayPorbleDad I wore my aristo lolita outfit!! https://t.co/QeOfb8K9GM',http://pbs.twimg.com/media/EltLPR0XgAAlsTv.jpg

2020-11-01 02:52:39,"b""@Rosewend1 i wasn't calling it a costume ffs. Am i not allowed to wear something for halloween? I wanted a goth lol\xe2\x80\xa6 https://t.co/WFAzC1vER0""",none

2020-11-01 02:50:08,"b""RT @LovelyPotaaa: Since Jack has quit ROBLOX he's GIVING ALL his group funds away (OVER 526K+) nearly EVERYONE that RETWEETS this tweet and\xe2\x80\xa6""",none

2020-11-01 02:49:49,b'Happy Halloween everyone!!!\nI got dressed up for my online meet up with some lolita friends!!\nHope everyone is stay\xe2\x80\xa6 https://t.co/Jr9AhdFIGy',none

2020-11-01 02:49:28,b'@XxAndrea_ii sorry I just saw your comment are you still wanting to do this?',none

2020-11-01 02:48:11,b'@poker_xvx Skates \nSf skirt \nRuffle velvet skirt \nGoth Lolita sleeves \n100k diamonds',none

2020-11-01 02:48:05,b'@MajinScarlet I know! I got a gothic lolita dress myself but I misread the size a bit :(\nwanna see?',none

2020-11-01 02:47:47,"b""@Rosewend1 I'm sorry what? xD Lolita is just a Victorian era fashion. I know because i've been lolita since i was y\xe2\x80\xa6 https://t.co/h0MERYWGrC""",none

2020-11-01 02:47:05,b'@_meitempxst Skates \nSf skirt \nRuffle velvet skirt \nGoth Lolita sleeves \n100k diamonds \nRR set without corset and sleeves \n(Sorry I\xe2\x80\x99m poor)',none

2020-11-01 02:44:07,"b""@SnailSenpaii Lolita isn't whole culture. They have a book on rules and everything. I was just letting you know what the person meant.""",none

2020-11-01 02:43:52,b'@Little_Shy0 Skates \nSf skirt \nRuffle velvet skirt \nGoth Lolita sleeves \n100k diamonds',none

2020-11-01 02:42:50,b'@Flowerysunseed Skates \nSf skirt \nRuffle velvet skirt \nGoth Lolita sleeves \n100k diamonds',none

2020-11-01 02:40:38,"b""Kyle killin' with the lolita look. #AnimalCrossing #ACNH #NintendoSwitch https://t.co/QiuTYzeMTq""",http://pbs.twimg.com/media/EltII89UYAAV_k0.jpg

2020-11-01 02:40:32,"b'Wait ! \n\n\xc2\xb0 Kodomo walked over to him , got her tippy toes , kissed his cheek and walked back to Ningyo . \xc2\xb0\n\nBye !\xe2\x80\xa6 https://t.co/YBU1ciOzJD'",none

2020-11-01 02:39:36,"b""@SnailSenpaii Because people passionate in the lolita community fight the stereotype that the fashion isn't a costu\xe2\x80\xa6 https://t.co/2VhaLvDZSL""",none

2020-11-01 02:39:05,b'@lolita_611 Oh shit',none

2020-11-01 02:38:23,"b""\xe3\x80\x8a Ah ! Cool ! I don ' t have any talent like my lil sis but that ' s not important . \n\nThanks , a lot , it was gett\xe2\x80\xa6 https://t.co/XasjM9wLAY""",none

2020-11-01 02:38:19,"b'@JazminMathers New Mermaid Halo, Broom, Goth Lolita Sleeves, and Kitty Crossbody for HH18?'",none

2020-11-01 02:36:11,b'RT @amorhestia: call her lawliets lolita \xf0\x9f\x8d\xad\xf0\x9f\x8d\xab\xf0\x9f\x8d\xb0\xf0\x9f\x8d\xac https://t.co/cOqz9mfTZD',http://pbs.twimg.com/media/ElszypFX0AEBCYj.jpg

2020-11-01 02:35:50,b'Grave https://t.co/Qg7MKYRjm0',none

2020-11-01 02:33:01,"b""\xe3\x80\x8a Oh ! He ' s your friend then ! Hi ! \xe3\x80\x8b\n\n\xc2\xb0 She grinned , patting Kodomo ' s head as the lolita giggled . \xc2\xb0\n\n\xe3\x80\x8a Sorry\xe2\x80\xa6 https://t.co/oEBS9ZJTVv""",none

2020-11-01 02:30:13,b'RT @heartzcore: Princess Heart-shaped Lolita Bag https://t.co/DqmrZ58odj',http://pbs.twimg.com/media/Elk4vAHW0AIpZoH.jpg

2020-11-01 02:30:06,"b'@Jellums I just blew $200 on the Mossbadger bat JSK for no fucking reason, after turning down so many other items b\xe2\x80\xa6 https://t.co/sZok5vKU5t'",none

2020-11-01 02:29:16,"b'lolita community so toxic like just let ppl enjoy themselves, shit ...'",none

2020-11-01 02:29:08,"b'\xc2\xb0 Kodomo then walked over to her sister while Ningyo was getting up , stretching . \xc2\xb0\n\nBig sis ! \n\n\xe3\x80\x8a Hi Domo ! And y\xe2\x80\xa6 https://t.co/ryfmqVVdWk'",none

2020-11-01 02:28:02,"b""imagine a kirby lolita dress. especially if the art is in the itsdemo or pupupu friends style. I'd lose my fuckin mind.""",none

2020-11-01 02:26:45,b'RT @amorhestia: call her lawliets lolita \xf0\x9f\x8d\xad\xf0\x9f\x8d\xab\xf0\x9f\x8d\xb0\xf0\x9f\x8d\xac https://t.co/cOqz9mfTZD',http://pbs.twimg.com/media/ElszypFX0AEBCYj.jpg

2020-11-01 02:25:46,b'@royale_high I still got candy last minutes to buy enough for 2 goth Lolita sleeves and I still don\xe2\x80\x99t know how I ha\xe2\x80\xa6 https://t.co/WQDgSPPYzx',none

2020-11-01 02:25:05,b'Kill me. https://t.co/D6MobFS2cj',none

2020-11-01 02:24:00,b'RT @LolitaWardrobe: New Release: Princess Chronicles \xe3\x80\x90-The Mysterious Shadow-\xe3\x80\x91 #Ouji Lolita Series\n\n\xe2\x97\x86 Shopping Link &gt;&gt;&gt; https://t.co/jWS0UA\xe2\x80\xa6',none

2020-11-01 02:23:53,"b'RT @KirbyTheGorb: daily kirby #858, what if instead of kirby *in* a lolita dress , kirby *on* a lolita dress........ https://t.co/wwswRNo4Hw'",http://pbs.twimg.com/media/EltC6MPVMAAmaeS.jpg

2020-11-01 02:23:49,"b'RT @_Biizu: it is literally THE perfect day for gothic lolita,, https://t.co/R2JOoc2Hc3'",http://pbs.twimg.com/media/ElrpsmWU0AAKBc7.jpg

2020-11-01 02:23:21,b'@phoenixwuff Aight when we gettin dimitri phoenix lolita pics tho',none

2020-11-01 02:21:37,"b""( I ' m just gonna - )\n\n\xc2\xb0 We just hear a thud here ' s Ningyo \xc2\xb0\n\n\xe3\x80\x8a NOTE TO SELF , DON ' T F\xc3\x97CK WITH THE ULTIMATE QU\xe2\x80\xa6 https://t.co/djQEuQDhdC""",none

2020-11-01 02:19:33,b'@realDonaldTrump God bless you Mr. President.',none

2020-11-01 02:18:31,b'RT @LolitaWardrobe: New Release: Princess Chronicles \xe3\x80\x90-The Mysterious Shadow-\xe3\x80\x91 #Ouji Lolita Series\n\n\xe2\x97\x86 Shopping Link &gt;&gt;&gt; https://t.co/jWS0UA\xe2\x80\xa6',none

2020-11-01 02:17:47,"b'daily kirby #858, what if instead of kirby *in* a lolita dress , kirby *on* a lolita dress........ https://t.co/wwswRNo4Hw'",http://pbs.twimg.com/media/EltC6MPVMAAmaeS.jpg

2020-11-01 02:17:28,b'RT @soracosplayjump: ---- Happy Halloween ----\n\nGothic Lolita\n\nPhoto\xe2\x86\x92@zakuzaku_ronron \n\n#\xe3\x81\x95\xe3\x81\x84\xe3\x81\xa1\xe3\x82\x83\xe3\x81\xbe\xe5\x89\xb5\xe4\xbd\x9c\n#\xe3\x83\x8f\xe3\x83\xad\xe3\x82\xa6\xe3\x82\xa3\xe3\x83\xb3 https://t.co/41GAZ37UiK',http://pbs.twimg.com/media/ElqfPL2U8AAJT0O.jpg

2020-11-01 02:17:14,b'@COOKIE_LOLITA Lol but how did ppl not know that ?',none

2020-11-01 02:14:39,b'RT @art_rockwell: hey lolita hey \n  https://t.co/4Cnc3rDfUb',http://pbs.twimg.com/ext_tw_video_thumb/1179163640928194561/pu/img/U-Hb2efpTfUoQhf4.jpg

2020-11-01 02:14:17,b'\xc2\xb0 She nodded . \xc2\xb0\n\nOkies ! https://t.co/lfiG9TczAy',none

2020-11-01 02:14:00,b'The guards must dress in lolita or I shall be extremely annoyed.',none

2020-11-01 02:13:08,b'RT @LolitaWardrobe: New Release: Princess Chronicles \xe3\x80\x90-The Mysterious Shadow-\xe3\x80\x91 #Ouji Lolita Series\n\n\xe2\x97\x86 Shopping Link &gt;&gt;&gt; https://t.co/jWS0UA\xe2\x80\xa6',none

2020-11-01 02:12:30,"b'\xc2\xb0 She took a deep breath , her head doing a quick twitch . \xc2\xb0\n\nI wish for Ningyo Pichu to revive from the dead , wit\xe2\x80\xa6 https://t.co/qRUPitl9q6'",none

2020-11-01 02:11:09,"b""@EchxxoW Miss lady rose skirt, CB skirt, sleeves and fan, val heels, bunny slippers, noc ears, LeahAshe's ears, lol\xe2\x80\xa6 https://t.co/sOmtWde1ZV""",none

2020-11-01 02:10:57,b'@GoliayG Ese es lolita of the wild?',none

2020-11-01 02:07:38,"b'Okies , \n\nHuuuh so I say it - nyah ! First ooor - https://t.co/IgSsURyouA'",none

2020-11-01 02:06:55,b'RT @_VenusGalaxia_: No thoughts head empty only lolita dresses https://t.co/pUFoPK3pnC',http://pbs.twimg.com/tweet_video_thumb/Els-_P5W0AEhGlm.jpg

2020-11-01 02:05:45,"b""Mh . . .\n\nKokichi said you could grant wishes . . .\n\nI might have one if it doesn ' t bother you . . . https://t.co/7UGWxj75z9""",none

2020-11-01 02:03:23,"b'Oh . . . Okies . . .\n\nPromises are promises ! \n\n\xc2\xb0 She nodded , looking kinda proud for no reason . \xc2\xb0\n\nI will get us\xe2\x80\xa6 https://t.co/tw8HHUEO38'",none

2020-11-01 02:02:32,"b'selling shadow empress boots and sleeves, goth lolita sleeves and nocturnal kitty ears\n#royalehightradings\xe2\x80\xa6 https://t.co/Zr5bSNF7cF'",none

2020-11-01 02:00:46,"b'\xc2\xb0 She nodded , hugging back . \xc2\xb0\n\nWhat happened to you and the others . . . https://t.co/SU0Msfd5tN'",none

2020-11-01 02:00:40,b'No thoughts head empty only lolita dresses https://t.co/pUFoPK3pnC',http://pbs.twimg.com/tweet_video_thumb/Els-_P5W0AEhGlm.jpg

2020-11-01 01:58:15,"b""\xc2\xb0 She nodded , doing grabby hands for a hug and also be picked up at the same time . \xc2\xb0\n\nI ' m used to it , I learne\xe2\x80\xa6 https://t.co/oBVgUVffo5""",none

2020-11-01 01:57:00,"b'@missymiku1 I have 6 spider earrings, 2 knifes, 2crossbodies, 2 kitty ears, 9 lolita sleeves, 3 brooms, 5 witch hats XD'",none

2020-11-01 01:55:46,b'i dont have a costume so i put on my weak lolita coord hehe',none

2020-11-01 01:55:09,b'@1h8m3n i\xe2\x80\x99m pretty sure she said it\xe2\x80\x99s her favorite book of all time tho? but even so at her big age i feel like she\xe2\x80\xa6 https://t.co/jVRPZcAtLj',none

2020-11-01 01:54:54,"b'I needed to lose you to find me, to love me'",none

2020-11-01 01:53:46,b'Uh so since the Halloween items aren\xe2\x80\x99t in the shop anymore I\xe2\x80\x99m selling the goth lolita sleeves for diamonds only. H\xe2\x80\xa6 https://t.co/RmX7yAVSKe',none

2020-11-01 01:52:49,b'@longslvs btw the lolita that she is wearing is white so',none

2020-11-01 01:51:49,b'RT @amorhestia: call her lawliets lolita \xf0\x9f\x8d\xad\xf0\x9f\x8d\xab\xf0\x9f\x8d\xb0\xf0\x9f\x8d\xac https://t.co/cOqz9mfTZD',http://pbs.twimg.com/media/ElszypFX0AEBCYj.jpg

2020-11-01 01:51:41,"b""\xc2\xb0 She isn ' t gonna ask yet because Ningyo isn ' t good at asking for stuff . \xc2\xb0\n\nI was bored . . . I also j - nyah\xe2\x80\xa6 https://t.co/u8mMyy2JIv""",none

2020-11-01 01:50:56,b'@longslvs living in a cottage wearing probably goth lolita with my lolita wearing wife while holding our black cat\xe2\x80\xa6 https://t.co/OgIP3lAHWh',none

2020-11-01 01:49:43,b'@MysterySolvent For little girls only - a fun plane ride on the Lolita Express',none

2020-11-01 01:48:36,b'@NovelloMichael @MillerinDc @realDonaldTrump @albertmohler He threw him out of country club.. but bill Clinton went\xe2\x80\xa6 https://t.co/T2oOcSSXFp',none

2020-11-01 01:46:32,b'Hi ho - honka ! How are you ? \n\n\xc2\xb0 She smiled .\n\nAre you horny ?\xc2\xb0 https://t.co/NikYTn6F3h',none

2020-11-01 01:46:25,b'\xf0\x9f\x96\xa4\xf0\x9f\x96\xa4 gothic lolita for a Halloween picnic \xf0\x9f\x96\xa4\xf0\x9f\x96\xa4 https://t.co/6U9bNFilqz',http://pbs.twimg.com/media/Els7ujrU0AAKZoJ.jpg

2020-11-01 01:45:50,b'Trading: \nSkates \nSf skirt \nRuffle velvet skirt \nGoth Lolita sleeves \n100k diamonds \n\nIA: Parasol (Just IA)\xe2\x80\xa6 https://t.co/jkkrSzlQk3',none

2020-11-01 01:45:15,b'@COOKIE_LOLITA Yessss!!! I love it!',none

2020-11-01 01:44:38,"b'\xc2\xb0 Wtf -\n\nOk ??? \n\nAnyways , she walked up to him . \xc2\xb0\n\nHi big bro ! https://t.co/Jii3z2kAze'",none

2020-11-01 01:43:37,b'RT @EmirichuYT: Day 21: Elven\nCharacter: Star Guardian Janna (League of Legends)\n\nDay 29: Lolita \nCharacter: Celestia Ludenberg (Danganronp\xe2\x80\xa6',none

2020-11-01 01:41:47,"b'@foolishprncplty YeS, i was panicking a lot when I saw them bc i yelled at them in the middle of the mall and peopl\xe2\x80\xa6 https://t.co/k7H0zMQMUO'",none

2020-11-01 01:41:02,b'\xc2\xb0 She nodded and walked away to fin the detective . \n\nJust qrt with your other acc msbsjsb \xc2\xb0 https://t.co/UAyoctYDFO',none

2020-11-01 01:39:21,"b""@Playboy__Leader Let's act like only Kodomo can hear her""",none

2020-11-01 01:39:01,b'I should go to Shuichi now . . . https://t.co/YaxVNLNn6m',none

2020-11-01 01:38:37,"b'What a day, Hamdillah \xf0\x9f\x91\xbb\xf0\x9f\x8e\x83\xf0\x9f\x92\x80 #HappyHalloween'",none

2020-11-01 01:38:09,b'RT @Mienolis_Shoujo: congratulations on Halloween!~\xf0\x9f\x8e\x83\xe2\x9c\xa8\xf0\x9f\x8c\x88\xf0\x9f\x91\xbb\n#Halloween2020 #witch #lolita #lolitafashion #kawaii https://t.co/23Cc1hETwV',http://pbs.twimg.com/media/ElsQY1YX0AYMrwe.jpg

2020-11-01 01:37:38,b'@24zeyy yeahhh la pp',none

2020-11-01 01:36:56,"b""RT @SGVY: Happy Tuesday! Here's Tiamat from #FateGO in EGL, or Elegant Gothic Lolita Fashion. Thank you to the commissioner! And thanks to\xe2\x80\xa6""",none

2020-11-01 01:36:38,"b""Mafuyu posted her first video to youtube. She goes around Asakusa in a Lolita dress eating food. It's cute. Please\xe2\x80\xa6 https://t.co/itJZlweoRh""",none

2020-11-01 01:33:04,b'RT @PrincessYUUUH: My gothic lolita coord from today!!! Happy Halloween! \xf0\x9f\x96\xa4\xf0\x9f\x96\xa4\xf0\x9f\x96\xa4\n\n\xf0\x9f\x93\xb8: @SUP3RTOOT https://t.co/zPofkVky0B',http://pbs.twimg.com/media/ElsksNkWoAA9n50.jpg

2020-11-01 01:32:59,b'Now Playing: Lolita by Prince Listen at https://t.co/SPIWRLWkg0 https://t.co/UtjeKKXFg9',http://pbs.twimg.com/media/Els4qMlXUAA6CS8.jpg

2020-11-01 01:32:34,"b'the Astral Dress she wears is made out of crimson and black frills , giving her the appearance of a Gothic Lolita .'",none

2020-11-01 01:30:43,b'@TsDream4 @ShemalesOnCams @TsCamStars @TrannyAmateur @Ts_Lolita @AlenaOstberg @jockosrocket @Jamie_Fiel\xe2\x80\xa6 https://t.co/7bqBKJ1k1Y',none

2020-11-01 01:29:54,"b'RT @itscameliaaa: I dedicate this discovery to my sister, who has shocked me with her investigative skills in the gossipy side of tennis .\xe2\x80\xa6'",none

2020-11-01 01:29:49,"b""It is obviously an advantage to be an attractive, nubile young nymphette on Twitter like Nabakov's Lolita with soft\xe2\x80\xa6 https://t.co/0J70gjfatG""",none

2020-11-01 01:27:04,b'No but seriously lol\nIdk if anyone will care but imma ramble to myself:\nTheir name is Crocqia! I love them very muc\xe2\x80\xa6 https://t.co/kKfeiJx0DB',none

2020-11-01 01:25:11,b'RT @arispe_javier: i don\xe2\x80\x99t know reality bitch i feel like coralline',none

2020-11-01 01:17:56,b'RT @amorhestia: call her lawliets lolita \xf0\x9f\x8d\xad\xf0\x9f\x8d\xab\xf0\x9f\x8d\xb0\xf0\x9f\x8d\xac https://t.co/cOqz9mfTZD',http://pbs.twimg.com/media/ElszypFX0AEBCYj.jpg

2020-11-01 01:17:55,b'RT @amorhestia: call her lawliets lolita \xf0\x9f\x8d\xad\xf0\x9f\x8d\xab\xf0\x9f\x8d\xb0\xf0\x9f\x8d\xac https://t.co/cOqz9mfTZD',http://pbs.twimg.com/media/ElszypFX0AEBCYj.jpg

2020-11-01 01:17:18,b'\xe2\x99\xa1R H trading \n\n(\xe2\x9c\xbf)I still have for trade::\nGoth lolita sleeves\nKitty crossbody\nNocturnal ears\nWitch hat\nKitchen acc\xe2\x80\xa6 https://t.co/hUla0baJQM',none

2020-11-01 01:16:15,b'RT @amorhestia: call her lawliets lolita \xf0\x9f\x8d\xad\xf0\x9f\x8d\xab\xf0\x9f\x8d\xb0\xf0\x9f\x8d\xac https://t.co/cOqz9mfTZD',http://pbs.twimg.com/media/ElszypFX0AEBCYj.jpg

2020-11-01 01:15:58,b'RT @amorhestia: call her lawliets lolita \xf0\x9f\x8d\xad\xf0\x9f\x8d\xab\xf0\x9f\x8d\xb0\xf0\x9f\x8d\xac https://t.co/cOqz9mfTZD',http://pbs.twimg.com/media/ElszypFX0AEBCYj.jpg

2020-11-01 01:15:49,b'RT @jamxaa: \xe2\x80\x9cSorry we don\xe2\x80\x99t sell breakfast at Popeyes\xe2\x80\x9d https://t.co/axhw22oL2V',http://pbs.twimg.com/tweet_video_thumb/ElqcWLoWoAI3bli.jpg

2020-11-01 01:15:28,b'@rhstufff667 OG parasol and ltbs and Lolita goth sleeves',none

2020-11-01 01:15:13,b'RT @amorhestia: call her lawliets lolita \xf0\x9f\x8d\xad\xf0\x9f\x8d\xab\xf0\x9f\x8d\xb0\xf0\x9f\x8d\xac https://t.co/cOqz9mfTZD',http://pbs.twimg.com/media/ElszypFX0AEBCYj.jpg

2020-11-01 01:14:40,b'Made to Order - Hair bow - deep Blue galaxy printed - gothic pastelgoth lolita harajuku romantic anime princess fas\xe2\x80\xa6 https://t.co/1lOPSSptrO',none

2020-11-01 01:14:03,b'RT @amorhestia: call her lawliets lolita \xf0\x9f\x8d\xad\xf0\x9f\x8d\xab\xf0\x9f\x8d\xb0\xf0\x9f\x8d\xac https://t.co/cOqz9mfTZD',http://pbs.twimg.com/media/ElszypFX0AEBCYj.jpg

2020-11-01 01:13:50,b'RT @amorhestia: call her lawliets lolita \xf0\x9f\x8d\xad\xf0\x9f\x8d\xab\xf0\x9f\x8d\xb0\xf0\x9f\x8d\xac https://t.co/cOqz9mfTZD',http://pbs.twimg.com/media/ElszypFX0AEBCYj.jpg

2020-11-01 01:13:16,b'RT @amorhestia: call her lawliets lolita \xf0\x9f\x8d\xad\xf0\x9f\x8d\xab\xf0\x9f\x8d\xb0\xf0\x9f\x8d\xac https://t.co/cOqz9mfTZD',http://pbs.twimg.com/media/ElszypFX0AEBCYj.jpg

2020-11-01 01:13:12,b'RT @amorhestia: call her lawliets lolita \xf0\x9f\x8d\xad\xf0\x9f\x8d\xab\xf0\x9f\x8d\xb0\xf0\x9f\x8d\xac https://t.co/cOqz9mfTZD',http://pbs.twimg.com/media/ElszypFX0AEBCYj.jpg

2020-11-01 01:13:05,b'RT @amorhestia: call her lawliets lolita \xf0\x9f\x8d\xad\xf0\x9f\x8d\xab\xf0\x9f\x8d\xb0\xf0\x9f\x8d\xac https://t.co/cOqz9mfTZD',http://pbs.twimg.com/media/ElszypFX0AEBCYj.jpg

2020-11-01 01:12:55,b'call her lawliets lolita \xf0\x9f\x8d\xad\xf0\x9f\x8d\xab\xf0\x9f\x8d\xb0\xf0\x9f\x8d\xac https://t.co/cOqz9mfTZD',http://pbs.twimg.com/media/ElszypFX0AEBCYj.jpg

2020-11-01 01:12:21,b'RT @Mittens57: Support Lolita\xe2\x80\x99s Retirement - Sign the Petition! https://t.co/vqnCrLmqvq via  @Change',none

2020-11-01 01:11:41,b'@BiGoddess3 @Saad04584669 @TsQueen_Diana @TS_PlayAround @Ts_69_T @Sissy_Trainers @ShemaleSurfer2 @Ts_Lolita\xe2\x80\xa6 https://t.co/nGQZiBr7jM',none

2020-11-01 01:11:05,"b""@SHSL__LOLITA who's ningyo again? &lt;&gt;_&lt;&gt;""",none

2020-11-01 01:11:02,b'RT @DebbieG26645289: Free Lolita now \xf0\x9f\x92\x99\xf0\x9f\x90\x8b she has suffered and been in captivity for 50 years \xf0\x9f\x98\xad so cruel and barbaric being used for entertai\xe2\x80\xa6',none

2020-11-01 01:09:59,b'RT @DebEdmonds60s: Orcas form strong family bonds &amp; stay with mothers for life. #Tokitae/#Lolita\xe2\x80\x99s bond was shattered when stolen from her\xe2\x80\xa6',none

2020-11-01 01:09:39,b'@Playboy__Leader MAYEB I DIDNT PUT IT WELL\nBUT THE \xe3\x80\x8a JELLO \xe3\x80\x8b WAS NI GYO ))',none

2020-11-01 01:08:42,b'Decided on a cute gothic lolita look this year \xf0\x9f\xa5\xb0 everything is selfmade \xf0\x9f\x96\xa4 #Halloween2020 #stayathome https://t.co/LLxUQZkoV1',http://pbs.twimg.com/ext_tw_video_thumb/1322707072308400136/pu/img/9x8OQGeQQNGpVWwk.jpg

2020-11-01 01:06:34,"b""That's like the afterparty on the Lolita Express after visiting pedophile island. https://t.co/O2LRWH4IqL""",none

2020-11-01 01:04:57,"b""\xe3\x80\x8a Heck yeah I ' m still here . \xe3\x80\x8b\n\n\xc2\xb0 Kodomo just thought she imagined something - \xc2\xb0 https://t.co/iUTPMeN5HN""",none

2020-11-01 01:02:00,"b'Lolita, precious .'",none

2020-11-01 01:00:40,b'ignore my lowbudget lolita dress',none

2020-11-01 01:00:25,"b""@draculasguest Thank you!! I actually have another coord I've worn with crocs \xf0\x9f\xa4\xa3 Doing all the cursed Lolita things\xe2\x80\xa6 https://t.co/00TFicnLI8""",none

2020-11-01 00:59:47,"b""Wh - what if she is d - double dead o - or I 'm not able to hold my tics while saying it . . . https://t.co/9aYbdxw4KX""",none

2020-11-01 00:56:14,"b""RT @etnow: We don't know who we love more \xe2\x80\x94 Chris Evans or his dog Dodger. \xf0\x9f\x98\x8d https://t.co/HbAlVsuLrR""",none

2020-11-01 00:56:04,b'ITS NOT EMBARRASSING STFU https://t.co/cgcRNcY7oA',none

2020-11-01 00:54:40,b'@minjoonreaI My Lolita/nymphet obsession in middle school \xf0\x9f\x91\xa8\xf0\x9f\x8f\xbe\xe2\x80\x8d\xf0\x9f\xa6\xaf',none

2020-11-01 00:51:53,b'RT @1800callkharlz: 2 night https://t.co/4TE0MEVY7c',http://pbs.twimg.com/media/ElolSNhWkAUJykB.jpg

2020-11-01 00:50:20,b'\xc2\xb0 She nodded . \xc2\xb0 https://t.co/IZQjxOMgWp',none

2020-11-01 00:50:15,b'RT @soracosplayjump: ---- Happy Halloween ----\n\nGothic Lolita\n\nPhoto\xe2\x86\x92@zakuzaku_ronron \n\n#\xe3\x81\x95\xe3\x81\x84\xe3\x81\xa1\xe3\x82\x83\xe3\x81\xbe\xe5\x89\xb5\xe4\xbd\x9c\n#\xe3\x83\x8f\xe3\x83\xad\xe3\x82\xa6\xe3\x82\xa3\xe3\x83\xb3 https://t.co/41GAZ37UiK',http://pbs.twimg.com/media/ElqfPL2U8AAJT0O.jpg

2020-11-01 00:50:03,"b""@really_eat My offer probably isn't that good but Mermaid royalty cb fan and Goth lolita sleeves? \xe4\xb9\x81(\xe1\x97\x92\xef\xb9\x8f\xe1\x97\x95)\xe3\x84\x8f""",none

2020-11-01 00:47:41,b'RT @FUCCl: she wins halloween this year. https://t.co/GXmOJ1FCmr',http://pbs.twimg.com/ext_tw_video_thumb/1322439407585042432/pu/img/8fCWSEhqgYXOBYWM.jpg

2020-11-01 00:47:35,b'@TsQueen_Diana @BiGoddess3 @PleasureTgirl @AnkitaShemale2 @TsBaeX2 @Ts_Lolita @ShemalesOnCams @Sissy_Trainers\xe2\x80\xa6 https://t.co/HySrcopWWr',none

2020-11-01 00:46:57,b'@CuCaller I will end them for u https://t.co/XG2kn9TisI',http://pbs.twimg.com/media/ElsuHr1U4AEQRzs.jpg

2020-11-01 00:46:13,b'RT @sheamasochist: oh i think that i found myself a cheerleader \xf0\x9f\x93\xa3 https://t.co/AZE2gMaquv',http://pbs.twimg.com/media/ElsJZQ8W0AAShoJ.jpg

2020-11-01 00:46:12,"b""Hmm, that's an idea. A magical girl who's the servant of an eldritch goddess. And she can transform into horrifying\xe2\x80\xa6 https://t.co/XA9BJgtMVB""",none

2020-11-01 00:45:56,b'@Eide_teker thank you so much!! \xf0\x9f\xa5\xba I normally don\xe2\x80\x99t do my natural hair with Lolita as wigs generally look better but\xe2\x80\xa6 https://t.co/2Limtvaubz',none

2020-11-01 00:44:58,b'@terribletim The lolita lollipop lickin cigar sniffin Willie Clinton!',none

2020-11-01 00:44:06,"b'RT @Blackkout__: I don\xe2\x80\x99t know her but her story makes me sad. If anyone is hiring in New York, plug her in \xf0\x9f\x98\xad https://t.co/sPWZBFzBHP'",http://pbs.twimg.com/ext_tw_video_thumb/1321275580176863239/pu/img/mQGvbGIxnCUH4Hdk.jpg

2020-11-01 00:43:41,"b'@terribletim Soros is still walking! Big O, HRC, The Lolita lollipop licker husband of hers is still walking!'",none

2020-11-01 00:42:35,b'RT @missezrenee: I love hearing sex story\xe2\x80\x99s I be like \xe2\x80\x9cand then what??\xe2\x80\x9d https://t.co/uL5J1ClqA2',http://pbs.twimg.com/media/ElhgiOBWoAIafiO.jpg

2020-11-01 00:42:21,b'I will never understand the mentality of honking at or screaming out your car window at people walking on the sidew\xe2\x80\xa6 https://t.co/lg6j71FnNO',none

2020-11-01 00:41:25,b'I - it seems dangerous . . . https://t.co/7H6aqgu2lg',none

2020-11-01 00:40:03,b'@_1312acab Do you???!!!! https://t.co/ASkiC8pEnJ',http://pbs.twimg.com/ext_tw_video_thumb/1322699838035734534/pu/img/D8iNjrfELSFQAkpL.jpg

2020-11-01 00:39:40,b'@denise_valdivia Japanese Anime Sissy Maid Dress Cosplay Sweet Classic Lolita Fancy Apron Maid Dress with Socks Glo\xe2\x80\xa6 https://t.co/cc4jiZIgc4',none

2020-11-01 00:39:04,b'Lolita is a buddy roadtrip movie like Dumb &amp; Dumber',none

2020-11-01 00:38:51,b'R - really ? . . .\n\nH - he could ?\n\n\xc2\xb0 Sparkly eyes . \xc2\xb0 https://t.co/UgWb0pGjW7',none

2020-11-01 00:38:33,b'@Wolfophobic2 @ThatOldSheepDog As much as I ashamed to admit knowing any weeb lore I don\xe2\x80\x99t think gothic lolita has\xe2\x80\xa6 https://t.co/wOR6oSwI1U',none

2020-11-01 00:37:47,b'@Devastator619 @LuengoTrans @ShemalesOnCams @ShemaleSurfer2 @SinnersHaven_ @SEXYBEAST742 @Ts_Lolita @AlenaOstberg\xe2\x80\xa6 https://t.co/EpuXeQpHfi',none

2020-11-01 00:36:46,b'I - I want m - m - nyah ! My big sis . . . https://t.co/TV2TFwcyiy',none

2020-11-01 00:30:38,b'Check out what I just added to my closet on Poshmark: Halloween Lolita Dress. https://t.co/Q2F2bXOzIX via @poshmarkapp #shopmycloset',none

2020-11-01 00:30:20,"b'@evil_trashbear \xe3\x80\x8a She is the ultimate Lolita , little sister of miss Ningyo . \xe3\x80\x8b'",none

2020-11-01 00:29:24,"b'RT @mctwtcafe: -\n[\xf0\x9f\x8e\x83]\nyou received a delivery !\n\nfrom: lolita\nto: @bunnykiyo\n\n""i love you loser &lt;3"" https://t.co/6xdeb9LOHn'",none

2020-11-01 00:28:16,b'@tshunter007 @ShemalesOnCams @Devastator619 @ShemaleSurfer2 @SinnersHaven_ @SEXYBEAST742 @Ts_Lolita @AlenaOstberg\xe2\x80\xa6 https://t.co/o4Y667K1ue',none

2020-11-01 00:26:50,b'RT @angry_nettle: Late night drawing of a sweetie lolita vocaloid. #Mayu #Vocaloid https://t.co/jabryKpEUQ',http://pbs.twimg.com/media/ElSL_9zW0AEwFTi.jpg

2020-11-01 00:26:21,"b""@shadowsmith97 YOU'D THINK SO but nah they went Lolita vampire?""",none

2020-11-01 00:26:08,"b""Guess who has over 2k candies left for next halloween because I wanted to save them for the goth Lolita sleeves but I didn't have enough""",none

2020-11-01 00:25:47,"b'\xc2\xb0 She nodded again , taking deep breaths despite being interrupted by he tics . \n\nShe ended up calming down around\xe2\x80\xa6 https://t.co/Km7i9qlflU'",none

2020-11-01 00:25:36,b'which is better for my hh20?\n1. new lucky\n2. OG parasol and ltbs and Lolita goth sleeves\n3. new mermaid+rr set+80k+\xe2\x80\xa6 https://t.co/We9Qpe2ReE',none

2020-11-01 00:23:21,b'@Camillealbs Confession nocturne \xf0\x9f\x98\x82\xf0\x9f\x98\x82\xf0\x9f\x98\x82',none

2020-11-01 00:22:48,"b'\xc2\xb0 She nodded , still hugging back tightly while trying to calm down , still ticcing which btw , causes her pain . \xc2\xb0\xe2\x80\xa6 https://t.co/i2MpgemhDI'",none

2020-11-01 00:21:12,b'@apricotcrownx Beautyyyy \xf0\x9f\x92\x95\xf0\x9f\x99\x8f\nAaaa I wish we coulda dressed lolita together \xf0\x9f\x98\xad you look amazin!',none

2020-11-01 00:21:06,b'@Camillealbs \xf0\x9f\x98\x82\xf0\x9f\x98\x82\xf0\x9f\x98\x82 jai ton kdo mon chou',none

2020-11-01 00:19:44,"b'LOLITA Original Poster 1962 Stanley Kubrick Title Rolled 23.6"" by freddymietoff https://t.co/fUkIbsaEGn via @Etsy'",none

2020-11-01 00:18:41,"b""I - uwu ! D - don ' t wann - nyah ! Loose so - omeone el - boop ! Else . . .\n\n\xc2\xb0 She kept hugging back , crying . \xc2\xb0 https://t.co/ASbdY8UEyG""",none

2020-11-01 00:17:47,b'Steampunk Lolita and Plague Doctors Cat Princess Daughter \xf0\x9f\x98\x85 https://t.co/xpcKBAyGlk',http://pbs.twimg.com/media/ElsncisWkAEeAF_.jpg

2020-11-01 00:16:59,b'RT @angry_nettle: Late night drawing of a sweetie lolita vocaloid. #Mayu #Vocaloid https://t.co/jabryKpEUQ',http://pbs.twimg.com/media/ElSL_9zW0AEwFTi.jpg

2020-11-01 00:16:12,b'RT @art_rockwell: hey lolita hey \n  https://t.co/4Cnc3rDfUb',http://pbs.twimg.com/ext_tw_video_thumb/1179163640928194561/pu/img/U-Hb2efpTfUoQhf4.jpg

2020-11-01 00:15:46,b'Selling this for ROBUX (group founds)\nMLR skirt\nMermaid Royalty\nNocturnal Ears\nKitty Crossbody\nGothic Lolita Sleeve\xe2\x80\xa6 https://t.co/4HOQASm1rT',none

2020-11-01 00:15:10,b'@RandomPersonHi2 OG parasol and ltbs and Lolita goth sleeves',none

2020-11-01 00:14:04,b'@Jessyisback2 @TsQueen_Diana @giusytrav @AlenaOstberg @Maddiewasmatty @worldsback1 @KindofTs @MistressBella29\xe2\x80\xa6 https://t.co/pJ2OIRcHoo',none

2020-11-01 00:12:36,"b"". . . I - I don't like this . . . \n\nI ' m scared . . .\n\n\xc2\xb0 She is crying , beginning to tic , a lot . \xc2\xb0 https://t.co/LN894Ykrw0""",none

2020-11-01 00:11:40,"b'@GAYGEMINIMOON @angrybIackgirI for the lolita, https://t.co/Ic8B8TH09k'",http://pbs.twimg.com/media/ElsmCjgXYAE6G3p.jpg

2020-11-01 00:09:59,b'O - okies . . .\n\n             What is happening . . .\n\nWhy is everyone talking weirdly . . . https://t.co/B5G9GM30Xi',none

2020-11-01 00:09:17,b'RT @islamandlife: You have two friends in this life:\n\n1: Allah\n\n2: Those who remind you of Allah',none

2020-11-01 00:08:40,"b""Are you nyah ! Dying ! ?\n                  You aren -  uwu ! \nYou aren ' t leaving right ! ? https://t.co/YQLscgfi5P""",none

2020-11-01 00:05:49,b'My gothic lolita coord from today!!! Happy Halloween! \xf0\x9f\x96\xa4\xf0\x9f\x96\xa4\xf0\x9f\x96\xa4\n\n\xf0\x9f\x93\xb8: @SUP3RTOOT https://t.co/zPofkVky0B',http://pbs.twimg.com/media/ElsksNkWoAA9n50.jpg

2020-11-01 00:04:45,b'RT @melifaracco: 3 more days for 4 more years!!! #TRUMP2020 #MAGA @realDonaldTrump https://t.co/DoZLuqdG8V',http://pbs.twimg.com/tweet_video_thumb/Elqg3AnXIAAOfRX.jpg

2020-11-01 00:04:19,"b'\xc2\xb0 Sof ran up to Kokichi , hugging him . \xc2\xb0\n\nA - are you okie ? ! https://t.co/ofxtohBENz'",none

2020-11-01 00:04:17,"b'ug, wanted to wear my gothinc lolita dress today for halloween but it is too hot'",none

2020-11-01 00:03:22,"b""@UltimateNavi \xe3\x80\x8a I ' m just joking . \xe3\x80\x8b""",none

2020-11-01 00:03:07,b'Pulled out Whispers in Silence for some Halloween fun! Also got to bring out my favorite Lolita dress &lt;3\n\nHead made\xe2\x80\xa6 https://t.co/51bL7atptr',none

2020-11-01 00:03:01,"b'RT @Nyx_Art: \xc2\xb0\xe2\x98\x86\xf0\x9f\x8e\x83 Witchy Lolita Adoptable!! \xf0\x9f\x8e\x83\xe2\x98\x86\xc2\xb0\n\nDM me if interested! Have a spooky owoween ~ \nRT and likes are greatly appreciated, thank y\xe2\x80\xa6'",none

2020-11-01 00:02:53,"b'RT @shedisease: @kitaakes junpei googling frantically at 3 am ""difference between goth and emo"" ""difference between goth and emo and lolita""'",none

2020-11-01 00:02:27,"b""My followers are in luck! There's a brand new post on my FanCentro Feed... check it out here\xe2\x80\xa6 https://t.co/GGvfeRcAMj""",none

2020-11-01 00:00:22,b'@Lolita_Love93 You\xe2\x80\x99re the apple of my eye as well \xf0\x9f\x98\xad\xf0\x9f\x98\x8c\xf0\x9f\x92\x99\xf0\x9f\xa4\x9e\xf0\x9f\x8f\xbe',none

2020-10-31 23:58:15,"b""offering these: \n10k + (2) gothic lolita sleeves + 1 arachnofabulous earrings + dv puppy ears + ice's ufo + magical\xe2\x80\xa6 https://t.co/b5AiLtaQKZ""",none

2020-10-31 23:57:58,"b'@tweetmommybop @Oreo That was the donkey and his friends Epstein, Weinstein, Clinton and Biden who are sniffing, ru\xe2\x80\xa6 https://t.co/LBLuHh8Qoh'",none

2020-10-31 23:57:52,b'@yoosungsies yo I dont like the way the word lolita is included in there',none

2020-10-31 23:57:31,b'\xe2\x86\xa0Se sleeves x1\n\xe2\x86\xa0Fluttering Butterfly Sleeves x1\n\xe2\x86\xa0Studded Rose Garters x1\n\xe2\x86\xa0Arachnofabulous Earings x3\n\xe2\x86\xa0Gothic Lolita\xe2\x80\xa6 https://t.co/oVis5LBxfd',none

2020-10-31 23:56:21,b'\xf0\x9f\x92\x97 Selling:  \n\xe2\x86\xa0Se sleeves\n\xe2\x86\xa0Fluttering Butterfly Sleeves\n\xe2\x86\xa0Studded Rose Garters\n\xe2\x86\xa0Arachnofabulous Earings\n\xe2\x86\xa0Gothic Lolit\xe2\x80\xa6 https://t.co/bZgqNxpH49',none

2020-10-31 23:54:30,b'RT @jivke: sweet lolita peach   #peachlookbook https://t.co/IbY4FAuQqh',http://pbs.twimg.com/media/EKrGOz3U0AAFkET.png

2020-10-31 23:53:44,"b""@cry_babitch i showed her that song and she didn't say anything :( now we're listening to lolita""",none

2020-10-31 23:51:55,b'O - oh sorry . . .\n\n            But . . . I was confused . . .\n\nWhat is happening ? . . . https://t.co/h66qwpj8Yq',none

2020-10-31 23:51:00,b'@ohtobeskinny3 https://t.co/RBOWzVt4pB heres the linkkkkk!!!!',none

2020-10-31 23:49:37,b'What happened to you big bro ? . . . https://t.co/b3a8OdjCpg',none

2020-10-31 23:49:32,"b'What are people offering for the Goth Lolita Sleeves , Kitty Crossbody , Nocturnal Kitty Ears?\n\nI might buy mutiple\xe2\x80\xa6 https://t.co/i24d71MxwJ'",none

2020-10-31 23:49:04,b'Debating on... selling my lolita....',none

2020-10-31 23:48:16,b'I like to think that Tsukasa really likes to dress Nene up with a lolita type of fashion based on T.P.A and persona\xe2\x80\xa6 https://t.co/PQgHr01XMX',none

2020-10-31 23:47:44,b'decided to wear sweet lolita tonight...first time wearing this angelic pretty dress \xf0\x9f\x98\x8a\xf0\x9f\x92\x95 https://t.co/mXAWtAnjwz',http://pbs.twimg.com/media/ElsgfqTWoAM-IYm.jpg

2020-10-31 23:47:18,b'RT @idontlovejingyi: \xf0\x9f\xa7\xb8 cuddly lolita #adoptables \xf0\x9f\xa7\xb8 \n\n\xf0\x9f\x92\x9d based on Pastel Girl\n\xf0\x9f\x92\x9d SB is 2\xe2\x98\x95 each \n\xf0\x9f\x92\x9d MI is 1\xe2\x98\x95 \n\xf0\x9f\x92\x9d AB is 6\xe2\x98\x95 each\n\xf0\x9f\x92\x9d option 1: bid &amp;\xe2\x80\xa6',none

2020-10-31 23:46:27,b'offering these items for noc ears:\n5k + (2) gothic lolita sleeves + 1 arachnofabulous earrings + dv puppy ears + ic\xe2\x80\xa6 https://t.co/Fa6HI8L8YM',none

2020-10-31 23:42:50,b'@TsQueen_Diana @TsBaeX2 @BiGoddess3 @PleasureTgirl @AnkitaShemale2 @Ts_Lolita @ShemalesOnCams @Sissy_Trainers\xe2\x80\xa6 https://t.co/FxbXT2n9Y9',none

2020-10-31 23:42:15,b'@SHSL__LOLITA Wait...',none

2020-10-31 23:42:00,b'@SHSL__LOLITA LETS BE LONELY TOGETHER :D',none

2020-10-31 23:41:24,b'@UltimateNavi Then I could be lonely with uuuuuu \xe2\x99\xa1 https://t.co/x6afjVFB7Y',http://pbs.twimg.com/media/ElsfHmgXUAMoI_Y.jpg

2020-10-31 23:41:07,b'offering these items for noc ears!!!!\n5k + (2) gothic lolita sleeves + 1 arachnofabulous earrings + dv puppy ears +\xe2\x80\xa6 https://t.co/1AWKDyFeA3',none

2020-10-31 23:40:54,b'Big bro ? . . . \n\nWhat are you saying ? \n\n\xc2\xb0 Smol head tilt from sof \xc2\xb0 https://t.co/KR8viUAK81',none

2020-10-31 23:40:19,"b""Braids checked \nNails almost checked \nMan checked \nI'm really good place rn""",none

2020-10-31 23:38:45,"b'RT @darkyjoe_: Halloween video call with @_nyanssu oc, Angkasa! Thank you Mir\xe2\x9c\xa8\xf0\x9f\x92\x9b finally they can meet each other\xf0\x9f\xa4\xad\xf0\x9f\xa4\xad\nAnw Rei agreed to do thi\xe2\x80\xa6'",none

2020-10-31 23:38:37,b'hey lolita hey \n  https://t.co/4Cnc3rDfUb',http://pbs.twimg.com/ext_tw_video_thumb/1179163640928194561/pu/img/U-Hb2efpTfUoQhf4.jpg

2020-10-31 23:37:53,"b""You look like Marilyn Manson with glasses. Worse, your GED interview shows you DON'T know what the electoral colleg\xe2\x80\xa6 https://t.co/XaDiD2h3S3""",none

2020-10-31 23:34:35,b'RT @heyohsuga: lolita: *is actually a baby* *the cutest human alive*\nnia: *says it to her*\nlolita: *does not understand*',none

2020-10-31 23:33:40,"b'-\n[\xf0\x9f\x8e\x83]\nyou received a delivery !\n\nfrom: lolita\nto: @bunnykiyo\n\n""i love you loser &lt;3"" https://t.co/6xdeb9LOHn'",http://pbs.twimg.com/media/ElsdTbuUYAAFNjN.jpg

2020-10-31 23:33:17,b'Was that her voice ? . . . https://t.co/7vjuarSzzJ',http://pbs.twimg.com/media/ElsdQtVXIAERNxy.jpg

2020-10-31 23:33:15,b'@cannibawism HAHSJANNZNWKDN THANK U!!!!! living my gothic ouji lolita dreams rn',none

2020-10-31 23:32:51,b'lolita: *is actually a baby* *the cutest human alive*\nnia: *says it to her*\nlolita: *does not understand* https://t.co/QKNBi7OKAK',none

2020-10-31 23:32:50,b'RT @sarahw: For years I have wondered about Sue Lyon and how her life veered so sharply downward from the early stardom of LOLITA. Some ans\xe2\x80\xa6',none

2020-10-31 23:31:41,"b'The Astral Dress she wears is made out of crimson and black frills, giving her the appearance of an elegant Gothic Lolita.'",none

2020-10-31 23:31:21,b'I can\xe2\x80\x99t wait for my Lolita merry sticker to arrive by @sashimilu \xf0\x9f\xa5\xba\xf0\x9f\xa5\xba',none

2020-10-31 23:30:58,b'@COOKIE_LOLITA @DPEEndable EIGGHHHHHHTTTT?????',none

2020-10-31 23:30:20,b'RT @MajinScarlet: Lolita fashion is super fucking pretty',none

2020-10-31 23:29:39,"b""RT @xxTyTyxz: 20 likes before 5 pm i'll buy a webcam and stream in a lolita dress""",none

2020-10-31 23:29:29,"b'-\n[\xf0\x9f\x8e\x83]\nyou received a delivery !\n\nfrom: anon\nto: @evil_lolita \n\n""let\xe2\x80\x99s have a minecraft date because i love u ahaha "" https://t.co/SJtL4Hwu3d'",http://pbs.twimg.com/media/ElscVhkU0AAOywt.jpg

2020-10-31 23:28:03,b'@TsQueen_Diana @AlenaOstberg @BiGoddess3 @PleasureTgirl @AnkitaShemale2 @TsBaeX2 @Ts_Lolita @ShemalesOnCams\xe2\x80\xa6 https://t.co/D4kIm1uHjg',none

2020-10-31 23:28:03,"b'RT @shedisease: @kitaakes junpei googling frantically at 3 am ""difference between goth and emo"" ""difference between goth and emo and lolita""'",none

2020-10-31 23:27:29,"b'@kitaakes junpei googling frantically at 3 am ""difference between goth and emo"" ""difference between goth and emo and lolita""'",none

2020-10-31 23:27:22,b'Lolita fashion is super fucking pretty',none

2020-10-31 23:25:44,b'@lovsercat can i offer this: 2k + (2) gothic lolita sleeves + 1 arachnofabulous earrings + magical witch hat \nfor your noc ears?',none

2020-10-31 23:25:32,b'@ciinnamwon can i offer this: 2k + (2) gothic lolita sleeves + 1 arachnofabulous earrings + magical witch hat \nfor your noc ears?',none

2020-10-31 23:25:18,b'@Kuroality can i offer this: 2k + (2) gothic lolita sleeves + 1 arachnofabulous earrings + magical witch hat \nfor your noc ears?',none

2020-10-31 23:25:09,b'@MaybeVeux can i offer this: 2k + (2) gothic lolita sleeves + 1 arachnofabulous earrings + magical witch hat \nfor your noc ears?',none

2020-10-31 23:24:52,b'@CookiesTiffany can i offer this: 2k + (2) gothic lolita sleeves + 1 arachnofabulous earrings + magical witch hat \nfor your noc ears?',none

2020-10-31 23:24:47,b'@lolita_spicy SHE WAS A BAD BITCH AND SHE KNEW IT',none

2020-10-31 23:23:01,b'@ChrisLexz can i offer this: 2k + (2) gothic lolita sleeves + 1 arachnofabulous earrings + magical witch hat \nfor your noc ears?',none

2020-10-31 23:22:10,b'@LxvleyRxses can i offer this: 2k + (2) gothic lolita sleeves + 1 arachnofabulous earrings + magical witch hat \nfor\xe2\x80\xa6 https://t.co/RHEmIonHkB',none

2020-10-31 23:21:15,"b""@royale_high i don't have enough time to get the Lolita sleevesss""",none

2020-10-31 23:20:47,b'@gxnghqm can i offer this for your noc ears?\n2k + (2) gothic lolita sleeves + 1 arachnofabulous earrings \ni can maybe add 1k-2k more?',none

2020-10-31 23:20:39,"b'RT @darkyjoe_: Halloween video call with @_nyanssu oc, Angkasa! Thank you Mir\xe2\x9c\xa8\xf0\x9f\x92\x9b finally they can meet each other\xf0\x9f\xa4\xad\xf0\x9f\xa4\xad\nAnw Rei agreed to do thi\xe2\x80\xa6'",none

2020-10-31 23:20:17,"b'I have recently read and liked: A Clockwork Orange, Catch-22, Lolita, American Psycho'",none

2020-10-31 23:17:42,b'would anybody do this trade with me? :\nme: 2k + (2) gothic lolita sleeves + 1 arachnofabulous earrings \nyou: noc ea\xe2\x80\xa6 https://t.co/IVl3iIYbsF',none

2020-10-31 23:16:47,"b'RT @darkyjoe_: Halloween video call with @_nyanssu oc, Angkasa! Thank you Mir\xe2\x9c\xa8\xf0\x9f\x92\x9b finally they can meet each other\xf0\x9f\xa4\xad\xf0\x9f\xa4\xad\nAnw Rei agreed to do thi\xe2\x80\xa6'",none

2020-10-31 23:15:09,"b'@rhupdatelog I bought 5 Lolita sleeves, 4 witch hats, 2 SE sleeves and 2 rebel torsos'",none

2020-10-31 23:14:39,"b""@TerraTerrific Np, im a huge fan of ur art I've been following since early tumblr and i also am black n love lolita\xe2\x80\xa6 https://t.co/BFDvkpCZXw""",none

2020-10-31 23:12:10,"b'@naxuu Nabokov, on the design of Lolita\'s cover: ""There is one subject which I am emphatically opposed to: any kind\xe2\x80\xa6 https://t.co/MRhBZkOhcF'",none

2020-10-31 23:10:30,"b""RT @xxTyTyxz: 20 likes before 5 pm i'll buy a webcam and stream in a lolita dress""",none

2020-10-31 23:09:43,"b'( \xcb\xb6\xcb\x86\xea\x92\xb3\xcb\x86\xcb\xb5 ) hi ! cross trading these items for mm2 weapons : SE set [ w /o the crown , soz ] and goth lolita sleeves\xe2\x80\xa6 https://t.co/HfKt8qC4Fe'",none

2020-10-31 23:08:32,b'halloween means I was legally allowed to wear this to work #egl #lolita https://t.co/c76KOAln8o',http://pbs.twimg.com/media/ElsXl9uX0AAjc-n.jpg

2020-10-31 23:08:18,b'lolita fashion is so cute aaaa',none

2020-10-31 23:08:02,"b'\xf0\x9f\x8c\xb7 Tiny Garden Garden Dance 2.0 Classic Lolita Dress JSK (TG01)\n\xf0\x9f\x8c\x8d $59 Free shipping to worldwide \xe2\x9c\x88\xef\xb8\x8f\n\xf0\x9f\x94\x8e Search ""TG01""\xe2\x80\xa6 https://t.co/zgem2pBc1q'",none

2020-10-31 23:06:59,"b'RT @darkyjoe_: Halloween video call with @_nyanssu oc, Angkasa! Thank you Mir\xe2\x9c\xa8\xf0\x9f\x92\x9b finally they can meet each other\xf0\x9f\xa4\xad\xf0\x9f\xa4\xad\nAnw Rei agreed to do thi\xe2\x80\xa6'",none

2020-10-31 23:05:10,b'Favorite OC the design: Josephine.\xe2\x81\xa0\nShe has a lot of personality and a cute lolita wardrobe. \xe2\x81\xa0\n\xe2\x81\xa0\nThis is the last o\xe2\x80\xa6 https://t.co/CcTI7BXSYh',none

2020-10-31 23:03:31,b'@scientificecon What a lolita world!',none

2020-10-31 23:00:40,b'@naxuu tbh the history of marketing Lolita is full of gross stuff',none

2020-10-31 22:58:44,b'RT @Arlahndo: You will find your soulmate in your DMs.',none

2020-10-31 22:57:19,b'RT @Arlahndo: Someone is very lucky to have you in their life.',none

2020-10-31 22:54:44,b'I ate 2 \xf0\x9f\x98\x97 https://t.co/4TJdhozr10',none

2020-10-31 22:53:49,b'@nunhyabusiness My girl Milla has a habit of going pspspspspsps at beasts that most men would normally run from. Bu\xe2\x80\xa6 https://t.co/mSs0lInWKN',none

2020-10-31 22:52:20,"b'@Diocanela @besf0rt @shelnew19 Many rich people do! Angelina Jolie, Bill Gates. It\xe2\x80\x99s called philanthropy. They are\xe2\x80\xa6 https://t.co/1xgqE3xS60'",none

2020-10-31 22:50:37,"b'also lolita is literally about a stepfather trying to fuck his stepdaughter who is 13,,,,,'",none

2020-10-31 22:48:34,"b'So, I thought it would be fun to wear Lolita for Halloween.. it\xe2\x80\x99s been an hour in this dress and I wanna take it off already.'",none

2020-10-31 22:47:27,"b'RT @gumiteeth: hi i\xe2\x80\x99m new to ed/sh twt so plz retweet !! \n\nsw : 205 , cw : 185 , cgw : 170\ni will post/interact w gore !!\ni lov , miku , lo\xe2\x80\xa6'",none

2020-10-31 22:46:15,b'@MillerinDc @realDonaldTrump If there was a story we\xe2\x80\x99d know. It\xe2\x80\x99s more likely that the Lolita express was filled wi\xe2\x80\xa6 https://t.co/iJrghCfYCR',none

2020-10-31 22:44:38,"b'Unicorn, gothic Lolita Miku, and Dr. Anthony Fauci at your service. https://t.co/jQxhIsBEEY'",none

2020-10-31 22:43:59,b'is it me or is this Martin Amis blurb on this cover for Lolita really weird. nodding scandalized assent? https://t.co/a9uyiImIe0',http://pbs.twimg.com/media/ElsR-hxU8AAQBXf.jpg

2020-10-31 22:40:40,"b'RT @_oceaninspace: Last of my Cute Girltobers!!\xe2\x9d\xa4\xef\xb8\x8f (Lolita, Jester, &amp; Witch)\nHappy Halloween\xf0\x9f\x8e\x83 https://t.co/hLzoRUJWSI'",http://pbs.twimg.com/media/ElqycA9XYAUUaJ_.jpg

2020-10-31 22:39:33,b'RT @turtlepawz: Nui from #killlakill for the lolita theme of #cutegirltober https://t.co/Mfm5AUqhLG',http://pbs.twimg.com/media/ElVI3kVXEAEyjVi.png

2020-10-31 22:38:44,b'@Alyssia87454809 yes! im looking for goth lolita sleeves and offering 10K',none

2020-10-31 22:38:30,b'Every day I remember how much I hate horny frat boys while in lolita https://t.co/Copy6fEgCw',http://pbs.twimg.com/media/ElsQuLZUYAA-Qg8.jpg

2020-10-31 22:37:57,b'anyone looking for goth lolita sleeves shadow empress boots royal rebel boots bat-mo-heels oh just the whole rr set\xe2\x80\xa6 https://t.co/SjniltBy72',none

2020-10-31 22:37:11,"b'RT @Sxmplyzoey_: -`, Giveaway Time \xf0\x9f\x94\xb8\n\n  Prize \n          \xe2\x9c\x8e Goth Lolita Sleeves \xf0\x9f\x8e\x83\n\nRules\n\n  \xe2\x8c\x9cFollow me ( @Sxmplyzoey_ )\xe2\x8c\x9f\n  \xe2\x8c\x9cLike and Rt \xe2\x8c\x9f\xe2\x80\xa6'",none

2020-10-31 22:37:08,"b'@Corpse_Husband Serenade my ears, bb. \xf0\x9f\x96\xa4'",none

2020-10-31 22:37:04,b'congratulations on Halloween!~\xf0\x9f\x8e\x83\xe2\x9c\xa8\xf0\x9f\x8c\x88\xf0\x9f\x91\xbb\n#Halloween2020 #witch #lolita #lolitafashion #kawaii https://t.co/23Cc1hETwV',http://pbs.twimg.com/media/ElsQY1YX0AYMrwe.jpg

2020-10-31 22:34:17,"b""And people who expect me to be nice, fuck you. There's an obvious as day reason I'm not voting. They're both fuckin\xe2\x80\xa6 https://t.co/g6VtiyVmLd""",none

2020-10-31 22:29:27,b'@Lolita_Pluma Forever',none

2020-10-31 22:26:42,b'y\xe2\x80\x99all should be mad about her romanticizing lolita and not about her wearing a generic costume https://t.co/98UdlYgevy',none

2020-10-31 22:17:35,b'Lolita witch look for work today \xf0\x9f\x92\x9a https://t.co/zFNtFhzTEU',http://pbs.twimg.com/media/ElsL7XaXgAIo5s8.jpg

2020-10-31 22:17:12,b'https://t.co/jBYkqvRvCZ\n\nOKAY IT WASNT LOLITA IT WAS ANNA KARENINA SKSKSKSKSKKSKS https://t.co/CgiaLw33F3',none

2020-10-31 22:13:02,b'@evil_trashbear ( \xf0\x9f\x8e\x80 ) \xc2\xb0happily shows the lust character I made as well . \xc2\xb0 https://t.co/FfeiLGCDyJ',http://pbs.twimg.com/media/ElsK5CeXYAAJl-z.jpg

2020-10-31 22:11:42,b'@KaterVohar Kuroo loves you\xf0\x9f\x92\x95',none

2020-10-31 22:11:40,"b'RT @clownplushie: one more, um.. invader zim lolita coord? :,D\n@loveliestlor https://t.co/qyfvsYUx3Z'",http://pbs.twimg.com/media/ElrpSgMXYAQy4St.jpg

2020-10-31 22:10:29,b'YES! I made it before it was over! (I got the goth Lolita sleeves) https://t.co/z52i3o38ji',http://pbs.twimg.com/media/ElsKTruWMAATJv_.jpg

2020-10-31 22:10:20,"b""RT @BarackObama: Don't boo \xe2\x80\x94 vote! Happy Halloween, everybody. https://t.co/XdZz4dh82T https://t.co/A28ZuxPf4i""",http://pbs.twimg.com/media/ElrkHAtXgAESMad.jpg

2020-10-31 22:10:19,"b'Showgirl, genie-hybrid, steampunk (?), gothic lolita magician suit ideas. 3/4 https://t.co/EhMwb0UOmG'",http://pbs.twimg.com/media/ElsKQyWXYAISRRf.jpg

2020-10-31 22:09:54,"b""@ARAITUH @abagofangrybees Thank you!! \xe2\x98\xba\xef\xb8\x8f It is @lolita_baroque's Rabbit Circus!""",none

2020-10-31 22:09:53,"b'@goldngracetrixr \xe2\x80\x9c Give me a second! \xe2\x80\x9c He poofed and came back Waring a frilly white Lolita dress, bonnet, and Mary\xe2\x80\xa6 https://t.co/dFIkfA0yof'",none

